CustomerID,LastName,FirstName,MiddleName,Suffix,Phone,Email,Date
1,Driutti,Decca,Talbot,Jr,945 495 7049,tdriutti0@constantcontact.com,10/23/2017
2,Wyldes,Cassie,Kev,III,403 287 5986,kwyldes1@digg.com,5/24/2018
3,Chambers,Thorpe,Ephrem,II,442 660 9174,echambers2@ustream.tv,9/5/2017
4,Dennerly,Deana,Reta,Jr,844 337 9688,rdennerly3@java.com,2/8/2018
5,Mylan,Reagen,Rem,III,338 386 6660,rmylan4@vistaprint.com,7/17/2017
6,Manchett,Allan,Ileane,II,913 805 5631,imanchett5@about.me,8/30/2017
7,Le Leu,Kliment,Correy,Sr,128 950 8391,cleleu6@icio.us,9/10/2017
8,Lipman,Bronnie,Adams,IV,867 740 2371,alipman7@google.de,11/8/2017
9,Pattemore,Fairlie,Xena,II,639 757 5841,xpattemore8@163.com,9/3/2017
10,Gianulli,Nicholas,Daile,II,220 843 9832,dgianulli9@smugmug.com,4/22/2018
11,Ambrus,Wayland,Lauritz,III,396 403 7140,lambrusa@economist.com,8/21/2017
12,Jimes,Augustina,Mei,Jr,146 210 4698,mjimesb@virginia.edu,9/16/2017
13,Rafter,Teodora,Butch,Sr,196 661 5358,brafterc@ezinearticles.com,9/27/2017
14,Chaudret,Farlie,Gallagher,II,211 836 2157,gchaudretd@chicagotribune.com,1/28/2018
15,Critoph,Cristobal,Barbara,IV,110 646 9963,bcritophe@issuu.com,1/9/2018
16,Nardrup,Mirilla,Ethe,Sr,927 444 9427,enardrupf@newyorker.com,11/13/2017
17,Fuge,Zelma,Jesse,II,299 230 9244,jfugeg@admin.ch,11/18/2017
18,Peskett,Imogen,Keith,IV,415 610 9148,kpesketth@youtube.com,5/19/2018
19,Kupka,Glynda,Cary,IV,596 991 1780,ckupkai@army.mil,11/29/2017
20,Beaufoy,Murray,Brandtr,IV,469 657 8476,bbeaufoyj@phoca.cz,4/4/2018
21,Esgate,Kirstin,Aretha,Jr,610 424 5384,aesgatek@walmart.com,9/9/2017
22,Lanbertoni,Cilka,Cammy,IV,844 747 0127,clanbertonil@senate.gov,3/11/2018
23,Jewar,Heida,Billie,III,522 388 8736,bjewarm@google.es,10/11/2017
24,Hanson,Ringo,Elvis,III,926 176 8789,ehansonn@diigo.com,4/23/2018
25,Langeley,Archibold,Etty,Jr,563 175 1090,elangeleyo@independent.co.uk,12/5/2017
26,Heddy,Pietrek,Ivett,III,154 488 9840,iheddyp@myspace.com,4/14/2018
27,Wimes,Odo,Cassandry,IV,951 142 2849,cwimesq@cdc.gov,1/15/2018
28,Yaneev,Vladimir,Franciskus,IV,295 203 8662,fyaneevr@netlog.com,5/2/2018
29,Sego,Dallas,Grantley,Jr,693 132 1765,gsegos@japanpost.jp,1/25/2018
30,Treske,Theodoric,Rouvin,II,522 705 4044,rtresket@quantcast.com,1/29/2018
31,Cregg,Rosaline,Joyce,IV,200 270 5566,jcreggu@nyu.edu,9/23/2017
32,Kinder,Betteanne,Jania,IV,899 787 9996,jkinderv@ameblo.jp,10/5/2017
33,Bramstom,Cedric,Bruce,III,318 954 8393,bbramstomw@joomla.org,5/20/2018
34,Leavens,Babbette,Elke,III,311 460 0033,eleavensx@goo.gl,5/31/2018
35,Simak,Gennifer,Frannie,Sr,398 888 5626,fsimaky@freewebs.com,1/27/2018
36,Dahlbom,Mame,Nicolais,Jr,556 833 8404,ndahlbomz@google.cn,12/15/2017
37,Adamczyk,Rodney,Curtice,II,124 740 3747,cadamczyk10@tinypic.com,4/8/2018
38,Dupree,Kippy,Nickola,Jr,752 294 9558,ndupree11@cnn.com,4/19/2018
39,Bridgens,Judith,Sherm,III,595 708 1608,sbridgens12@icio.us,9/14/2017
40,Issard,Job,Kamila,III,925 383 8990,kissard13@purevolume.com,2/8/2018
41,Yitzhakov,Demetra,Cecily,Jr,837 160 3468,cyitzhakov14@wp.com,8/17/2017
42,Saphin,Stillmann,Hadley,III,623 640 4352,hsaphin15@google.ca,5/11/2018
43,Calderon,Urbano,Martyn,III,700 567 4637,mcalderon16@macromedia.com,7/14/2017
44,Whorlton,Jess,Morganica,Jr,579 717 0682,mwhorlton17@weather.com,11/23/2017
45,Rubra,Bernetta,Camilla,IV,445 843 7053,crubra18@thetimes.co.uk,6/8/2018
46,Bautiste,Vinita,Heidi,IV,483 337 7865,hbautiste19@chicagotribune.com,11/24/2017
47,Kingsnode,Sallie,Felisha,Jr,698 650 5223,fkingsnode1a@github.io,12/30/2017
48,Spittall,Floris,Mia,III,665 435 2170,mspittall1b@comsenz.com,8/24/2017
49,O'Rowane,Honoria,Cecily,Sr,107 589 4791,corowane1c@hud.gov,12/29/2017
50,Burditt,Zaccaria,Sid,III,609 579 6894,sburditt1d@yale.edu,2/20/2018
51,Origan,Torry,Andriette,II,652 359 5581,aorigan1e@aboutads.info,11/29/2017
52,Von Der Empten,Galen,Brita,II,921 489 6504,bvonderempten1f@dot.gov,7/28/2017
53,Gleave,Annette,Salvatore,III,169 220 5293,sgleave1g@wiley.com,12/20/2017
54,Govier,Clem,Konstantine,II,722 537 0581,kgovier1h@istockphoto.com,8/27/2017
55,Zarfat,Nanny,Fred,Sr,352 428 8260,fzarfat1i@google.fr,6/2/2018
56,Fountain,Binni,Stephenie,III,865 443 9674,sfountain1j@cornell.edu,4/30/2018
57,Menlow,Skelly,Lyndsie,III,712 794 2552,lmenlow1k@soundcloud.com,6/10/2018
58,Caston,Niki,Feliza,Jr,326 492 3663,fcaston1l@seattletimes.com,10/19/2017
59,Fer,Prescott,Phyllida,IV,713 868 8014,pfer1m@umn.edu,12/26/2017
60,Hegg,Launce,Robbyn,Jr,453 453 4059,rhegg1n@stumbleupon.com,1/20/2018
61,Luffman,Damaris,Stephani,Jr,570 390 9726,sluffman1o@sfgate.com,6/1/2018
62,Gellier,Ruddie,Hyatt,Sr,150 809 2814,hgellier1p@printfriendly.com,12/11/2017
63,Mercey,Odelle,Farrel,Sr,114 250 9536,fmercey1q@cam.ac.uk,6/20/2018
64,Abells,Karina,Malvin,Sr,798 880 8988,mabells1r@gravatar.com,11/27/2017
65,Carty,Roderic,Ephraim,Jr,905 733 1936,ecarty1s@tumblr.com,4/16/2018
66,Baggs,Wallache,Bobbee,Sr,191 724 0116,bbaggs1t@ow.ly,2/27/2018
67,Cullingford,Stacey,Fidela,II,219 572 9843,fcullingford1u@mit.edu,3/11/2018
68,Seldner,Johna,Kendricks,III,956 388 2995,kseldner1v@tmall.com,6/20/2018
69,Thirlwell,Darb,Tymon,II,194 190 4490,tthirlwell1w@geocities.jp,10/11/2017
70,Bulmer,Malissa,Lynn,II,327 177 7503,lbulmer1x@de.vu,11/25/2017
71,Durham,Hayden,Didi,IV,368 635 5351,ddurham1y@amazon.co.uk,12/10/2017
72,Adrian,Quinlan,Camala,Sr,613 161 0300,cadrian1z@usda.gov,10/23/2017
73,Jori,Leanna,Teodoor,Jr,120 593 9178,tjori20@cpanel.net,11/23/2017
74,Yarwood,Kellie,Mattias,Sr,589 375 0242,myarwood21@biblegateway.com,1/12/2018
75,Carayol,Stefanie,Dorri,IV,198 887 3169,dcarayol22@blogs.com,1/16/2018
76,Sheward,Tildy,Anallese,Sr,547 606 1061,asheward23@prnewswire.com,1/21/2018
77,Markey,Ninon,Carrol,Jr,951 571 4425,cmarkey24@dropbox.com,9/18/2017
78,Tupman,Maynard,Dolores,Sr,138 836 4305,dtupman25@about.me,11/24/2017
79,Trenchard,Matty,Robbie,IV,664 466 5802,rtrenchard26@hhs.gov,6/3/2018
80,Masedon,Eliza,Janetta,III,445 504 2386,jmasedon27@gov.uk,6/17/2018
81,Mannie,Nell,Ardelia,IV,587 321 9451,amannie28@umich.edu,8/31/2017
82,Lackham,Midge,Pedro,Sr,973 491 1726,plackham29@elpais.com,2/28/2018
83,Maling,Valentijn,Elnar,Sr,900 532 6902,emaling2a@va.gov,10/16/2017
84,Feldmark,Stanton,Rockie,IV,531 536 3344,rfeldmark2b@smh.com.au,1/23/2018
85,Grinnov,Jammal,Arline,III,107 780 8647,agrinnov2c@jimdo.com,12/13/2017
86,Hardwich,Mordy,Lissy,II,950 563 5964,lhardwich2d@dyndns.org,12/17/2017
87,Wolstencroft,Cyndie,Lenore,IV,202 121 9428,lwolstencroft2e@cnn.com,9/18/2017
88,Sautter,Loella,Shannah,III,139 207 2466,ssautter2f@miibeian.gov.cn,3/19/2018
89,Rumens,Nissy,Lorene,IV,584 646 4069,lrumens2g@globo.com,8/15/2017
90,Kinge,Gwennie,Mitzi,II,480 309 4299,mkinge2h@dailymail.co.uk,10/27/2017
91,Hendrickson,Monty,Farah,Jr,186 263 5237,fhendrickson2i@reuters.com,4/5/2018
92,Barden,Eleen,Casey,II,534 239 6212,cbarden2j@virginia.edu,10/16/2017
93,Pauncefoot,Evania,Ruben,III,127 171 0028,rpauncefoot2k@sfgate.com,6/12/2018
94,Stummeyer,Lydia,Lev,Jr,451 475 0464,lstummeyer2l@bizjournals.com,2/20/2018
95,Willoughby,Idaline,Sydney,III,457 242 9285,swilloughby2m@netvibes.com,8/15/2017
96,Hegges,Ericha,Scarlett,II,199 630 8191,shegges2n@nyu.edu,5/14/2018
97,Humbatch,Sal,Janot,IV,955 985 3588,jhumbatch2o@github.com,11/19/2017
98,Ace,Robinia,Micaela,II,748 425 5274,mace2p@yale.edu,4/22/2018
99,Hunn,Annabell,Clementia,Jr,740 826 7206,chunn2q@istockphoto.com,12/14/2017
100,Sealeaf,Duky,Sibella,IV,732 597 0684,ssealeaf2r@bbc.co.uk,9/15/2017
101,Walkley,Carly,Alberta,IV,914 400 8983,awalkley2s@ed.gov,2/4/2018
102,Torregiani,Sophey,Waylin,IV,611 742 0003,wtorregiani2t@jugem.jp,3/30/2018
103,Garfield,Isidoro,Allissa,IV,812 305 7052,agarfield2u@economist.com,2/9/2018
104,Dunston,Grace,Milzie,III,787 927 3707,mdunston2v@jugem.jp,6/16/2018
105,Balme,Annabel,Kariotta,II,965 212 5974,kbalme2w@mail.ru,9/20/2017
106,O'Cooney,Sabine,Shelia,Jr,130 551 4502,socooney2x@deviantart.com,9/5/2017
107,Radenhurst,Rosalind,Wat,IV,222 506 5972,wradenhurst2y@redcross.org,4/17/2018
108,Cyphus,Blaire,Dyane,II,669 845 4241,dcyphus2z@merriam-webster.com,9/29/2017
109,Cardenosa,Madelyn,Alexis,IV,339 938 4311,acardenosa30@blog.com,10/13/2017
110,Enion,Clementina,Kelbee,IV,411 791 6400,kenion31@typepad.com,2/6/2018
111,Corington,Cleveland,Karlyn,Jr,123 257 9803,kcorington32@wikimedia.org,12/22/2017
112,Dahlberg,Massimo,Otha,IV,530 157 8343,odahlberg33@bing.com,6/4/2018
113,Teaze,Wald,Penni,Sr,636 637 5401,pteaze34@youtu.be,12/4/2017
114,Sagg,Elisa,Hebert,Sr,940 518 3910,hsagg35@ftc.gov,10/19/2017
115,Tedorenko,Cathleen,Eleen,III,917 787 4691,etedorenko36@admin.ch,5/26/2018
116,Annon,Heda,Erv,IV,819 985 9309,eannon37@ameblo.jp,2/19/2018
117,Closs,Bertine,Evy,III,467 518 8324,ecloss38@aboutads.info,4/21/2018
118,Halms,Clement,Miriam,II,982 631 2147,mhalms39@irs.gov,2/28/2018
119,Simpkins,Charlie,Dodi,III,505 455 1175,dsimpkins3a@vkontakte.ru,7/24/2017
120,Friatt,Tedd,Inness,II,210 233 2560,ifriatt3b@si.edu,9/1/2017
121,Gidney,Son,Gabie,Jr,513 361 0323,ggidney3c@ocn.ne.jp,8/18/2017
122,Aland,Hugh,Noak,Sr,989 834 2397,naland3d@jalbum.net,4/6/2018
123,Dominighi,Ely,Gabi,Jr,160 504 6335,gdominighi3e@mit.edu,11/17/2017
124,Shillabeer,Theodora,Hannah,IV,464 950 5656,hshillabeer3f@bravesites.com,4/14/2018
125,Dunnett,Babbette,Marion,III,975 968 4273,mdunnett3g@pen.io,10/4/2017
126,Caudrey,Eduino,Carmina,Sr,442 157 5771,ccaudrey3h@sakura.ne.jp,2/5/2018
127,Philipsson,Xever,Sharl,II,889 971 1378,sphilipsson3i@tumblr.com,5/19/2018
128,Anthonies,Virge,Teresina,IV,579 879 4454,tanthonies3j@redcross.org,9/1/2017
129,Saiz,Dode,Hilde,II,919 582 1773,hsaiz3k@technorati.com,4/30/2018
130,Pimmocke,Cherin,Ashlie,Jr,431 572 5570,apimmocke3l@yellowbook.com,9/13/2017
131,Dahlgren,Yoko,Anabel,Jr,885 696 6506,adahlgren3m@time.com,6/8/2018
132,Orchard,Catlee,Iris,II,501 664 9188,iorchard3n@seesaa.net,5/9/2018
133,Vynarde,Fran,Jacinthe,II,485 649 9752,jvynarde3o@ow.ly,2/20/2018
134,Macrow,Terza,Chaddy,III,271 279 2192,cmacrow3p@mysql.com,12/29/2017
135,Fulham,Marianna,Cyril,Jr,911 907 0707,cfulham3q@joomla.org,9/29/2017
136,Densey,Leonhard,Oren,III,558 421 1595,odensey3r@arstechnica.com,10/26/2017
137,Dorward,Pepillo,Putnem,Jr,115 699 1730,pdorward3s@bloglines.com,10/14/2017
138,Dochon,Murray,Port,III,842 986 8866,pdochon3t@linkedin.com,9/7/2017
139,Orrick,Cathi,Valene,Sr,871 273 9453,vorrick3u@cnbc.com,11/25/2017
140,Lidgertwood,Valerye,Wilmar,Sr,451 237 4444,wlidgertwood3v@virginia.edu,9/5/2017
141,Creamer,Ros,Addy,Jr,283 339 7654,acreamer3w@redcross.org,1/10/2018
142,Zollner,Wilma,Micaela,II,366 158 3369,mzollner3x@hostgator.com,3/9/2018
143,Prendergast,Colette,Dedie,III,646 750 5128,dprendergast3y@epa.gov,6/14/2018
144,Maharey,Wallie,Blythe,II,295 707 9836,bmaharey3z@tiny.cc,8/5/2017
145,Kaasmann,Britt,Abramo,II,156 709 4040,akaasmann40@fema.gov,9/16/2017
146,McCarrell,Burty,Aleksandr,III,373 435 0977,amccarrell41@reuters.com,4/8/2018
147,Bareham,Evaleen,Jorey,II,994 397 7871,jbareham42@netlog.com,10/9/2017
148,Goalley,Cam,Tedmund,IV,129 915 6674,tgoalley43@godaddy.com,3/6/2018
149,Devenny,Billi,Camellia,IV,329 233 0729,cdevenny44@sun.com,2/7/2018
150,Moulson,Forester,Kipp,Sr,885 315 8355,kmoulson45@nasa.gov,11/24/2017
151,Avery,Althea,Artie,III,692 889 3668,aavery46@china.com.cn,6/1/2018
152,Drife,Rozella,Dorris,Jr,985 660 4813,ddrife47@discovery.com,7/12/2017
153,Egdale,Sauncho,Honor,Sr,398 670 7031,hegdale48@amazonaws.com,7/21/2017
154,Liggons,Alikee,Janenna,III,864 814 6345,jliggons49@springer.com,1/23/2018
155,Sarjent,Micah,Helge,IV,708 797 1659,hsarjent4a@wired.com,6/17/2018
156,Pirkis,Gavra,Lorant,II,411 183 4464,lpirkis4b@imgur.com,2/13/2018
157,Adamski,Sharl,Bartholemy,Sr,572 363 0287,badamski4c@alibaba.com,7/5/2018
158,Labuschagne,Alethea,Doreen,Jr,883 243 5102,dlabuschagne4d@amazonaws.com,10/9/2017
159,Skinley,Filmore,Phaedra,Sr,487 176 9767,pskinley4e@delicious.com,11/24/2017
160,Syfax,Luella,Inness,Sr,504 448 7903,isyfax4f@unicef.org,2/7/2018
161,Hartshorn,Darlleen,Fritz,II,180 939 6012,fhartshorn4g@slate.com,4/1/2018
162,Goldsbrough,Elisa,Caesar,Sr,214 735 1379,cgoldsbrough4h@businesswire.com,10/25/2017
163,Guerner,Aliza,Adham,Jr,797 900 8113,aguerner4i@cdc.gov,8/31/2017
164,Drewett,Edna,Benji,Jr,380 792 2584,bdrewett4j@vk.com,7/26/2017
165,Venour,Manda,Latashia,III,832 792 9237,lvenour4k@smugmug.com,4/4/2018
166,Swafford,Emmey,Libbie,II,373 145 2834,lswafford4l@buzzfeed.com,4/2/2018
167,Iredale,Merissa,Nikki,II,691 764 5209,niredale4m@webmd.com,7/9/2017
168,Ilyunin,Herbert,Cathe,Jr,130 839 6307,cilyunin4n@netlog.com,7/22/2017
169,List,Breena,Luis,Jr,888 968 0973,llist4o@about.com,9/19/2017
170,Goscomb,Daisy,Welch,Sr,781 117 2146,wgoscomb4p@nhs.uk,9/19/2017
171,Kunat,Leeann,Sylas,II,341 852 0285,skunat4q@cbc.ca,12/27/2017
172,Kollas,Courtney,Janine,IV,667 905 6322,jkollas4r@ezinearticles.com,11/10/2017
173,Darbey,Lois,Vyky,IV,298 976 1872,vdarbey4s@wp.com,6/21/2018
174,Cortese,Tobiah,Ranique,II,236 289 0721,rcortese4t@china.com.cn,5/25/2018
175,Fant,Sandi,Waylin,II,610 299 0581,wfant4u@nps.gov,9/19/2017
176,Whittuck,Verine,Noell,III,424 388 4034,nwhittuck4v@fotki.com,8/16/2017
177,Solan,Nial,Madalyn,II,402 202 9684,msolan4w@123-reg.co.uk,8/27/2017
178,Riddington,Ruby,Gaspar,III,932 317 9691,griddington4x@cornell.edu,11/15/2017
179,Wulfinger,Palmer,Allie,II,543 347 1283,awulfinger4y@foxnews.com,7/30/2017
180,Cavendish,Collette,Lindy,III,955 117 3232,lcavendish4z@addtoany.com,12/31/2017
181,Arrow,Tann,Ronalda,II,739 991 6614,rarrow50@theglobeandmail.com,3/18/2018
182,Bolens,Ritchie,Krystal,II,838 277 9146,kbolens51@clickbank.net,1/14/2018
183,Radleigh,Baldwin,Vinson,Sr,399 347 2612,vradleigh52@edublogs.org,1/25/2018
184,Paulsen,Hallsy,Billy,Jr,725 475 9749,bpaulsen53@list-manage.com,6/9/2018
185,Hoff,Sig,Trent,Sr,315 100 7737,thoff54@harvard.edu,9/4/2017
186,Linturn,Sharla,Sholom,II,955 304 7927,slinturn55@virginia.edu,2/17/2018
187,Cotmore,Humfrey,Urbano,Jr,273 304 9724,ucotmore56@army.mil,7/20/2017
188,Mulles,Kelsey,Ronald,II,483 957 0900,rmulles57@ibm.com,5/3/2018
189,Sings,Garrek,Yardley,Jr,573 229 4116,ysings58@photobucket.com,1/17/2018
190,Colwill,Barb,Monte,Jr,761 545 4837,mcolwill59@oaic.gov.au,7/27/2017
191,Golling,Kahaleel,Stephannie,IV,670 287 0829,sgolling5a@mtv.com,5/19/2018
192,Rumford,Tab,Coreen,Jr,533 987 0384,crumford5b@sogou.com,12/1/2017
193,Pym,Tootsie,Cecilia,III,808 579 1187,cpym5c@twitter.com,8/20/2017
194,McEttigen,Genna,Inna,Sr,328 425 1146,imcettigen5d@prlog.org,9/23/2017
195,Poley,Marquita,Ulla,Jr,120 332 8541,upoley5e@netlog.com,12/25/2017
196,Charrier,Scottie,Thibaut,IV,969 343 8082,tcharrier5f@soup.io,6/16/2018
197,MacCaig,Jolynn,Jeniece,II,226 852 8760,jmaccaig5g@studiopress.com,9/9/2017
198,Bielfelt,Celia,Gunter,IV,716 483 7480,gbielfelt5h@addtoany.com,10/28/2017
199,Brundale,Chrisy,Francois,II,464 710 2440,fbrundale5i@wix.com,3/23/2018
200,Clarey,Ricard,Thomasine,IV,651 405 0704,tclarey5j@goo.gl,5/25/2018
201,Dubery,Lotty,Abner,Jr,130 928 7109,adubery5k@furl.net,2/6/2018
202,Braunds,Danell,Ken,Jr,790 474 7350,kbraunds5l@biblegateway.com,2/14/2018
203,Reasun,Yvor,Nita,II,808 714 0073,nreasun5m@naver.com,9/23/2017
204,Roseburgh,Saloma,Cathee,Sr,141 908 2443,croseburgh5n@blogs.com,3/8/2018
205,Birkhead,Marissa,Norbert,III,335 683 8558,nbirkhead5o@auda.org.au,12/13/2017
206,Filipov,Bren,Jason,III,757 390 4397,jfilipov5p@state.tx.us,9/2/2017
207,Greaves,Vanessa,Garrek,IV,518 396 9198,ggreaves5q@pcworld.com,10/25/2017
208,Dragonette,Abba,Pietro,Jr,916 666 5052,pdragonette5r@mit.edu,9/29/2017
209,Mandrey,Janeen,Zaneta,Sr,881 746 4938,zmandrey5s@va.gov,8/24/2017
210,Spellessy,Nissy,Welch,II,368 813 9255,wspellessy5t@w3.org,11/14/2017
211,Normant,Veriee,Cristal,III,583 356 4129,cnormant5u@ibm.com,1/21/2018
212,Le Brum,Joan,Jo ann,II,715 365 9609,jlebrum5v@java.com,3/23/2018
213,McNelis,Dewain,Saxon,Jr,614 172 4619,smcnelis5w@infoseek.co.jp,3/20/2018
214,Ewings,Myriam,Mace,II,100 770 8343,mewings5x@mtv.com,7/13/2017
215,Thunderchief,Inge,Leontyne,III,905 288 5512,lthunderchief5y@sbwire.com,9/2/2017
216,Petley,Dierdre,Estel,IV,513 803 1097,epetley5z@census.gov,8/30/2017
217,Scrivener,Bary,Evy,III,862 557 3762,escrivener60@webmd.com,6/28/2018
218,Disney,Gabbey,Feliks,IV,141 432 7120,fdisney61@tumblr.com,4/12/2018
219,Jepp,Jorie,Lyndel,IV,425 442 0526,ljepp62@discuz.net,4/6/2018
220,Ormonde,Victor,Genvieve,II,206 796 4650,gormonde63@desdev.cn,2/10/2018
221,Busson,Kissiah,Verne,Sr,281 982 5529,vbusson64@list-manage.com,5/17/2018
222,Girth,Davis,Dasi,Jr,594 403 7321,dgirth65@fotki.com,7/4/2018
223,Burdell,Hana,Emilee,III,614 205 7895,eburdell66@sourceforge.net,4/15/2018
224,Liversidge,Edan,Pearce,Sr,730 229 7785,pliversidge67@mlb.com,8/31/2017
225,Chieco,Nissa,Christabel,II,200 614 6842,cchieco68@tripod.com,11/22/2017
226,Boutell,Ruddie,Crystal,III,626 790 1397,cboutell69@youtu.be,2/13/2018
227,Rhelton,Arlee,Odelle,Sr,547 364 2263,orhelton6a@plala.or.jp,1/12/2018
228,Ygoe,Eva,Robena,III,491 321 4335,rygoe6b@ehow.com,6/11/2018
229,Yaus,Kimberley,Katti,Jr,686 252 7140,kyaus6c@weather.com,6/21/2018
230,McConnachie,Angelika,Blondelle,Jr,410 540 0823,bmcconnachie6d@opensource.org,11/21/2017
231,Bussey,Octavia,Roderick,III,212 183 9942,rbussey6e@4shared.com,10/29/2017
232,Sparey,Janetta,Joey,Sr,705 446 9684,jsparey6f@ning.com,8/10/2017
233,Laraway,Torie,Leann,Jr,568 168 8072,llaraway6g@pcworld.com,10/6/2017
234,Starsmore,Damara,Gerri,II,524 543 2836,gstarsmore6h@com.com,1/12/2018
235,Dimsdale,Damien,Doti,III,990 218 3758,ddimsdale6i@facebook.com,4/17/2018
236,Sodo,Skelly,Samuel,Sr,384 323 6205,ssodo6j@instagram.com,9/1/2017
237,Goodanew,Lynea,Marge,III,934 797 2017,mgoodanew6k@flavors.me,8/29/2017
238,Blodg,Essie,Dannie,Jr,593 809 5494,dblodg6l@cnet.com,1/1/2018
239,Bellord,Jessey,Sullivan,IV,874 143 2277,sbellord6m@indiegogo.com,2/3/2018
240,Heskin,Lilian,Marji,Sr,761 403 8131,mheskin6n@vk.com,10/11/2017
241,Gamlin,Nara,Appolonia,III,880 286 6566,agamlin6o@dell.com,9/6/2017
242,Beckhouse,Ben,Rex,IV,432 758 8790,rbeckhouse6p@tumblr.com,7/2/2018
243,Barton,Daniela,Grier,III,704 741 1883,gbarton6q@diigo.com,5/11/2018
244,Scoon,Vonni,Cully,Sr,453 561 1507,cscoon6r@google.com,3/14/2018
245,Snowball,Zacherie,Kathryn,II,865 558 1153,ksnowball6s@hud.gov,5/8/2018
246,Gatherell,Dominique,Rochell,III,865 429 2946,rgatherell6t@g.co,9/27/2017
247,Charlton,Dolorita,Grete,Jr,483 866 2410,gcharlton6u@ibm.com,9/25/2017
248,Crush,Franklyn,Florri,IV,100 538 0269,fcrush6v@simplemachines.org,10/29/2017
249,Gluyus,Charmaine,Adaline,III,841 794 5552,agluyus6w@cnbc.com,4/24/2018
250,Friary,Gilbertine,Beatrice,Sr,394 699 6036,bfriary6x@squarespace.com,7/2/2018
251,Haxley,Otis,Shawnee,II,193 734 3170,shaxley6y@sitemeter.com,3/11/2018
252,Sherlock,Hollis,Cecile,Sr,838 304 5463,csherlock6z@who.int,7/2/2018
253,Cawthera,Denyse,Anne,III,638 280 2930,acawthera70@globo.com,6/20/2018
254,Mufford,Susanetta,Ronalda,IV,818 185 5605,rmufford71@eventbrite.com,7/25/2017
255,Forbes,Corina,Angelo,III,646 117 1972,aforbes72@dion.ne.jp,3/16/2018
256,Johanning,Adlai,Carry,II,136 327 3640,cjohanning73@imgur.com,8/6/2017
257,Podbury,Langston,Colas,III,761 860 6017,cpodbury74@princeton.edu,12/3/2017
258,McSporrin,Jordana,Lacy,IV,516 140 2937,lmcsporrin75@ameblo.jp,8/14/2017
259,Sharper,Berty,Gigi,IV,167 576 6927,gsharper76@slideshare.net,9/21/2017
260,Labarre,Sharia,Meg,IV,662 178 1449,mlabarre77@indiatimes.com,7/18/2017
261,Edmund,Kore,Grove,IV,539 344 0683,gedmund78@amazon.co.jp,10/16/2017
262,Fortune,Clemens,Pen,IV,445 205 5141,pfortune79@imgur.com,7/8/2017
263,Meynell,Anthia,Sibbie,III,472 649 1364,smeynell7a@wufoo.com,3/18/2018
264,Lyenyng,Kizzee,Ulises,II,617 130 8574,ulyenyng7b@google.fr,8/18/2017
265,Everitt,Mitchael,Corrina,IV,875 434 2003,ceveritt7c@nyu.edu,5/22/2018
266,Rounsefell,Ginevra,Alysa,III,995 325 0303,arounsefell7d@nature.com,9/2/2017
267,Stoile,Roxi,Clerc,Sr,284 612 6507,cstoile7e@dyndns.org,2/21/2018
268,Burkitt,Dalila,Viole,Sr,709 609 5999,vburkitt7f@google.it,9/6/2017
269,Godfree,Courtnay,Marcy,II,845 932 7250,mgodfree7g@princeton.edu,9/11/2017
270,Meeron,Caye,John,II,213 874 1864,jmeeron7h@mozilla.com,3/17/2018
271,Bodham,Aristotle,Jacquelyn,III,846 284 8587,jbodham7i@pagesperso-orange.fr,12/31/2017
272,Spier,Guglielmo,Lamond,Sr,218 805 9410,lspier7j@e-recht24.de,5/29/2018
273,Eggleston,Jarad,Emmey,Jr,858 578 0828,eeggleston7k@upenn.edu,11/23/2017
274,Scotcher,Anneliese,Tristam,IV,426 717 3895,tscotcher7l@google.co.uk,4/2/2018
275,Muscat,Waldemar,Marlee,IV,105 765 1773,mmuscat7m@ow.ly,1/26/2018
276,Chazerand,Eartha,Maurice,Sr,258 354 6358,mchazerand7n@godaddy.com,3/23/2018
277,Kohlerman,Analiese,Thatch,Jr,520 267 1073,tkohlerman7o@dropbox.com,2/26/2018
278,Lovstrom,Morganica,Kennith,III,264 695 0706,klovstrom7p@pcworld.com,7/15/2017
279,Chesson,Wendall,Reinhold,Jr,320 912 8455,rchesson7q@google.com.au,12/17/2017
280,Brafferton,Daphna,Cinda,Sr,704 197 2721,cbrafferton7r@miitbeian.gov.cn,2/18/2018
281,Stalf,Elianore,Ahmad,Sr,686 732 1071,astalf7s@newsvine.com,11/4/2017
282,Brocklehurst,Traci,Frederic,II,487 850 2321,fbrocklehurst7t@vk.com,3/30/2018
283,Budcock,Amalea,Solomon,III,682 935 8336,sbudcock7u@illinois.edu,4/10/2018
284,Wadman,Gabriell,Hi,Sr,588 937 0678,hwadman7v@merriam-webster.com,4/16/2018
285,Twine,Bryna,Rochell,Sr,108 821 3213,rtwine7w@reddit.com,3/27/2018
286,Celloni,Merrick,Hyatt,III,942 100 3303,hcelloni7x@sciencedirect.com,5/25/2018
287,Bricknell,Mirabella,Tessa,II,695 167 3731,tbricknell7y@sbwire.com,12/29/2017
288,Alessandrelli,Reeba,Janine,Jr,593 564 5849,jalessandrelli7z@reference.com,2/19/2018
289,Collet,Dyane,Natale,IV,160 557 3517,ncollet80@aboutads.info,10/17/2017
290,Dohmer,Douglass,Tilly,III,728 929 8421,tdohmer81@cdc.gov,10/23/2017
291,Boldock,Terrill,Milli,Sr,927 536 7686,mboldock82@drupal.org,7/17/2017
292,Juniper,Sofia,Dillon,Sr,128 935 0345,djuniper83@desdev.cn,4/26/2018
293,Geraudel,Lanie,Vina,Jr,117 589 6036,vgeraudel84@youtu.be,12/19/2017
294,Keelan,Gustaf,Ora,II,659 749 0003,okeelan85@washington.edu,3/13/2018
295,Snookes,Gianna,Ingrid,IV,503 274 9149,isnookes86@hexun.com,9/18/2017
296,Corstan,Niki,Leora,II,321 392 6033,lcorstan87@bbc.co.uk,11/26/2017
297,O'Cuddie,Daphne,Nelle,II,754 208 4987,nocuddie88@webmd.com,12/13/2017
298,Deere,Shela,Lothaire,IV,253 133 5033,ldeere89@creativecommons.org,3/12/2018
299,Furst,Dru,Randell,II,318 894 9555,rfurst8a@xing.com,6/11/2018
300,Allbut,Rozalin,Olympie,II,203 481 8556,oallbut8b@omniture.com,7/26/2017
301,Monckman,Lynelle,Talyah,Sr,197 725 0209,tmonckman8c@nature.com,5/27/2018
302,Sillars,Pauli,Ellette,II,698 595 0410,esillars8d@berkeley.edu,9/28/2017
303,Missen,Edsel,Carlie,III,949 173 6272,cmissen8e@acquirethisname.com,6/2/2018
304,Coots,Gaelan,Chevy,Sr,509 746 9726,ccoots8f@cdc.gov,7/14/2017
305,Liptrot,Bail,Sonia,II,136 891 2457,sliptrot8g@gravatar.com,4/3/2018
306,Tomasi,Edsel,Cher,III,881 689 4665,ctomasi8h@home.pl,10/2/2017
307,Roebuck,Kane,Janifer,Sr,329 928 5930,jroebuck8i@wsj.com,1/5/2018
308,Olfert,Manfred,Emery,IV,560 664 9528,eolfert8j@theguardian.com,6/23/2018
309,Comiam,Heall,Nathaniel,Jr,590 178 5932,ncomiam8k@fema.gov,9/13/2017
310,McKeefry,Klarika,Sonya,Sr,614 921 3961,smckeefry8l@noaa.gov,9/9/2017
311,Gambrell,Case,Euphemia,II,677 908 4601,egambrell8m@vk.com,3/29/2018
312,Lorand,Ginger,Noel,III,894 888 2924,nlorand8n@csmonitor.com,10/24/2017
313,Angliss,Nichole,Zaria,II,737 192 2027,zangliss8o@java.com,12/20/2017
314,Caulier,Marinna,Orran,IV,549 202 2942,ocaulier8p@ca.gov,7/7/2018
315,Storry,Kalie,Koo,III,602 942 1206,kstorry8q@ocn.ne.jp,1/25/2018
316,Rosenvasser,Jesus,Shelley,II,597 542 9839,srosenvasser8r@patch.com,1/2/2018
317,Cadden,Everett,Antoine,Jr,648 277 7787,acadden8s@icio.us,3/3/2018
318,Conre,Netty,Hilly,Sr,263 411 4144,hconre8t@oaic.gov.au,9/15/2017
319,Gook,Maxim,Clive,Sr,181 230 4206,cgook8u@list-manage.com,7/29/2017
320,Stranio,Pancho,Marilee,Jr,273 246 5656,mstranio8v@smugmug.com,11/4/2017
321,Di Giacomo,Margette,Dall,IV,123 959 5807,ddigiacomo8w@oakley.com,6/5/2018
322,Ghio,Cecelia,Neville,III,542 191 6438,nghio8x@uiuc.edu,4/3/2018
323,Lubman,Alicea,Jocko,Jr,974 291 7956,jlubman8y@dagondesign.com,7/1/2018
324,Treacher,Davin,Missy,Sr,878 475 6991,mtreacher8z@irs.gov,1/31/2018
325,Blachford,Jodee,Karisa,Sr,848 784 5284,kblachford90@nationalgeographic.com,6/5/2018
326,Pohlak,Jackqueline,Phelia,Sr,627 916 1494,ppohlak91@nifty.com,12/21/2017
327,Hatter,Coleman,Munmro,Sr,554 134 1279,mhatter92@cargocollective.com,11/17/2017
328,Tibbles,Devinne,Odelinda,Sr,700 384 4064,otibbles93@nature.com,6/25/2018
329,Tarquini,Ardelle,Brana,III,468 276 1706,btarquini94@biblegateway.com,5/30/2018
330,Marusic,Chrysler,Katharyn,III,874 153 3594,kmarusic95@hostgator.com,8/2/2017
331,Casolla,Willabella,Arny,II,533 898 3914,acasolla96@cpanel.net,9/14/2017
332,Maudsley,Humphrey,Kennedy,Sr,624 669 0445,kmaudsley97@squarespace.com,4/27/2018
333,Gainfort,Hadleigh,Barry,Sr,847 986 5473,bgainfort98@friendfeed.com,1/6/2018
334,Antognazzi,Shane,Brand,Sr,449 107 3457,bantognazzi99@creativecommons.org,6/29/2018
335,Fitchet,Kev,Cordy,Sr,935 624 1244,cfitchet9a@ezinearticles.com,1/4/2018
336,Pembridge,Diahann,Lana,II,560 618 5335,lpembridge9b@webeden.co.uk,9/24/2017
337,Larkins,Kariotta,Hailee,II,376 797 1187,hlarkins9c@geocities.jp,7/7/2018
338,Cowitz,Rasia,Raf,Sr,527 936 4836,rcowitz9d@pcworld.com,6/10/2018
339,Farnell,Victor,Conchita,Sr,842 107 3174,cfarnell9e@theglobeandmail.com,11/20/2017
340,Aishford,Eda,Aloin,III,509 112 9939,aaishford9f@mediafire.com,12/26/2017
341,Lattka,Gaven,Willetta,Jr,396 638 7871,wlattka9g@dion.ne.jp,10/18/2017
342,Clowney,Yvette,Herc,III,804 312 1878,hclowney9h@istockphoto.com,12/29/2017
343,Kenion,Garth,Sherline,II,132 680 8158,skenion9i@nymag.com,4/4/2018
344,Fillon,Chiarra,Meredeth,II,507 520 4474,mfillon9j@jalbum.net,11/27/2017
345,Jeram,Calley,Lori,II,275 863 6614,ljeram9k@squarespace.com,5/26/2018
346,Ajean,Ira,Mace,IV,949 314 6221,majean9l@bloomberg.com,3/25/2018
347,Matijevic,Constantin,Matilde,Jr,644 276 6583,mmatijevic9m@geocities.com,12/4/2017
348,Thunderman,Bobinette,Maxy,Jr,452 598 2675,mthunderman9n@themeforest.net,1/17/2018
349,Bagster,Simona,Quincey,IV,796 451 7002,qbagster9o@sphinn.com,8/30/2017
350,Grinin,Mirna,Cosette,II,274 778 3765,cgrinin9p@un.org,7/23/2017
351,Labitt,Margo,Mattheus,Sr,141 361 4668,mlabitt9q@typepad.com,7/20/2017
352,Greenin,Arne,Alessandra,IV,937 651 3150,agreenin9r@usgs.gov,8/4/2017
353,Bransom,Carr,Loleta,Jr,273 686 3380,lbransom9s@wunderground.com,7/29/2017
354,Syphas,Babbie,Magnum,IV,742 478 4920,msyphas9t@hubpages.com,1/16/2018
355,Retchford,Florella,Alvis,Sr,608 230 5921,aretchford9u@cnbc.com,9/16/2017
356,Rickis,Haily,Ignace,IV,369 541 2407,irickis9v@hhs.gov,9/18/2017
357,Hearmon,Annnora,Anders,IV,613 865 3657,ahearmon9w@gizmodo.com,12/8/2017
358,Pavelin,Vassili,Gideon,Sr,139 283 4474,gpavelin9x@linkedin.com,7/25/2017
359,Oxborrow,Chalmers,Simone,Sr,401 535 3491,soxborrow9y@fc2.com,5/5/2018
360,Oxenford,Mathew,Diane,Jr,940 385 7078,doxenford9z@feedburner.com,8/17/2017
361,Clutterham,Cad,Vyky,III,534 614 6656,vclutterhama0@about.com,12/12/2017
362,Mattioni,Connie,Grover,Sr,254 119 2495,gmattionia1@businesswire.com,10/20/2017
363,Jinkins,Marcus,Lowell,IV,349 339 8677,ljinkinsa2@howstuffworks.com,3/15/2018
364,Threadgold,Dorey,Deidre,IV,225 873 2558,dthreadgolda3@blinklist.com,1/2/2018
365,Fragino,Jinny,Fergus,Jr,755 683 3001,ffraginoa4@guardian.co.uk,9/18/2017
366,Carruth,Cliff,Svend,Sr,971 264 5652,scarrutha5@stumbleupon.com,1/5/2018
367,Patrick,Antone,Demetri,II,247 211 6357,dpatricka6@com.com,1/8/2018
368,Cripin,Theresina,Aeriell,Sr,164 424 9028,acripina7@gmpg.org,5/16/2018
369,Aberhart,Shirl,Moses,III,160 408 1958,maberharta8@ebay.co.uk,10/19/2017
370,Tokell,Arlie,Jory,III,321 104 6841,jtokella9@bizjournals.com,6/23/2018
371,Tidbold,Sigismund,Garold,III,352 998 0785,gtidboldaa@scribd.com,9/27/2017
372,Chomley,Rania,Merrile,Sr,660 926 8675,mchomleyab@hatena.ne.jp,12/6/2017
373,Wedderburn,Latisha,Ninnetta,IV,571 715 0893,nwedderburnac@umich.edu,5/4/2018
374,Vinden,Corinna,Suellen,Jr,442 272 8829,svindenad@live.com,3/20/2018
375,Janovsky,Bary,Ranee,II,871 612 4671,rjanovskyae@hhs.gov,3/31/2018
376,Antoney,Flem,Giffard,IV,248 850 4869,gantoneyaf@feedburner.com,7/14/2017
377,Othick,Woodman,Orly,Sr,480 104 5209,oothickag@noaa.gov,2/8/2018
378,Beminster,Chelsie,Katherine,IV,791 706 7032,kbeminsterah@bluehost.com,10/3/2017
379,Cardenosa,Marcelline,Frankie,IV,755 885 3286,fcardenosaai@etsy.com,12/22/2017
380,Santer,Westley,Sandy,Sr,364 944 4671,ssanteraj@bloomberg.com,8/1/2017
381,Meegin,Helli,Wyatan,III,715 537 7288,wmeeginak@twitter.com,8/30/2017
382,Jordan,Lynna,Albert,Sr,481 340 1792,ajordanal@spotify.com,4/30/2018
383,Beden,Eddy,Charlie,Jr,987 186 5639,cbedenam@weibo.com,11/30/2017
384,Kamena,Tersina,Boyce,IV,915 508 1207,bkamenaan@uol.com.br,1/17/2018
385,Rawdales,Fabio,Pablo,Jr,112 783 8747,prawdalesao@yelp.com,1/30/2018
386,Lorenzetti,Leicester,Susette,III,652 521 4228,slorenzettiap@deviantart.com,1/27/2018
387,Bunning,Neel,Morgan,IV,915 435 1141,mbunningaq@mac.com,5/4/2018
388,Utteridge,Cariotta,Dicky,II,378 268 9738,dutteridgear@virginia.edu,3/26/2018
389,Alpes,Isaak,Mabelle,Sr,811 194 2290,malpesas@amazon.de,12/2/2017
390,Warrack,Shaylyn,Peria,IV,414 202 2116,pwarrackat@independent.co.uk,6/4/2018
391,Gilhooley,Meghan,Pavia,III,205 153 6352,pgilhooleyau@newsvine.com,12/30/2017
392,Paoletti,Yul,Chanda,II,562 601 0332,cpaolettiav@dmoz.org,11/25/2017
393,Conachie,Richmound,Sondra,Sr,930 558 2029,sconachieaw@eventbrite.com,12/8/2017
394,Balk,Fairleigh,Horatio,II,171 686 7170,hbalkax@wisc.edu,9/6/2017
395,Hourstan,Alejoa,Eran,Jr,731 295 3061,ehourstanay@ca.gov,1/27/2018
396,Metson,Chelsie,Louisette,Jr,517 197 4321,lmetsonaz@homestead.com,10/6/2017
397,Jope,Mala,Ivette,II,134 211 7131,ijopeb0@technorati.com,8/25/2017
398,Geldeford,Fianna,Domenic,IV,349 201 2590,dgeldefordb1@uiuc.edu,1/7/2018
399,Veevers,Miof mela,Jocelyn,IV,372 299 5441,jveeversb2@ed.gov,10/30/2017
400,Middlehurst,Minor,Elberta,Sr,444 841 5639,emiddlehurstb3@nih.gov,11/20/2017
401,Grabeham,Ron,Yehudi,Sr,530 876 9097,ygrabehamb4@over-blog.com,6/15/2018
402,Winridge,Andrey,Ariadne,II,471 553 6418,awinridgeb5@ca.gov,4/28/2018
403,MacAnellye,Shirleen,Millicent,II,505 232 8388,mmacanellyeb6@bravesites.com,8/20/2017
404,Mills,Ailina,Welch,IV,646 855 6889,wmillsb7@xrea.com,12/15/2017
405,Northleigh,Lara,Sylvester,Sr,783 775 7328,snorthleighb8@issuu.com,2/24/2018
406,Girardeau,Ailyn,Phillis,Sr,526 234 2622,pgirardeaub9@nydailynews.com,2/16/2018
407,Dowrey,Chrissie,Bord,IV,966 596 9692,bdowreyba@latimes.com,9/11/2017
408,Kelleway,Ag,Newton,Sr,425 923 2047,nkellewaybb@nbcnews.com,7/10/2017
409,Millichip,Roselia,Niko,Jr,379 658 5203,nmillichipbc@soundcloud.com,8/7/2017
410,Seville,Leupold,Cornela,Jr,171 330 1669,csevillebd@timesonline.co.uk,4/15/2018
411,Gilderoy,Janie,Cherish,II,880 784 4218,cgilderoybe@harvard.edu,2/7/2018
412,Lawden,Rivalee,Fletcher,Jr,967 595 1046,flawdenbf@tinyurl.com,10/25/2017
413,Flegg,Adella,Franklin,Sr,526 205 8339,ffleggbg@studiopress.com,1/26/2018
414,Mowsdale,Cooper,Dino,Sr,657 386 1480,dmowsdalebh@independent.co.uk,10/27/2017
415,McSporon,Kele,Evonne,II,758 510 5867,emcsporonbi@loc.gov,6/15/2018
416,Jager,Kelley,Alameda,Sr,826 465 3809,ajagerbj@mtv.com,11/12/2017
417,Banstead,Dimitri,Ann-marie,II,482 496 1761,abansteadbk@senate.gov,5/14/2018
418,Ebbles,Mick,Weidar,Jr,534 343 6662,webblesbl@about.com,5/12/2018
419,Donnersberg,Helsa,Kitty,Jr,188 415 6328,kdonnersbergbm@amazon.com,8/24/2017
420,Walden,Leo,Gothart,Sr,553 534 2943,gwaldenbn@blogs.com,3/6/2018
421,Berndtsson,Avie,Tanney,IV,607 335 6295,tberndtssonbo@jimdo.com,3/27/2018
422,Pudney,Waylin,Meredith,Sr,237 224 7288,mpudneybp@xrea.com,3/27/2018
423,Bartomieu,Marmaduke,Hillery,Sr,706 638 3038,hbartomieubq@engadget.com,4/16/2018
424,Tear,Antone,Quentin,II,578 179 0342,qtearbr@altervista.org,1/17/2018
425,Fromont,Ivan,Rana,III,778 195 3404,rfromontbs@macromedia.com,11/14/2017
426,Haryngton,Patrizius,Annabelle,III,679 237 0943,aharyngtonbt@drupal.org,1/18/2018
427,Huffy,Helga,Saunder,Sr,163 576 1862,shuffybu@npr.org,8/8/2017
428,Torrecilla,Lorenza,Brittne,Sr,721 623 2614,btorrecillabv@facebook.com,9/9/2017
429,Gluyas,Izak,Claudina,IV,328 825 9262,cgluyasbw@umn.edu,6/6/2018
430,Week,Izaak,Adolpho,II,319 355 7572,aweekbx@google.it,5/7/2018
431,Rambaut,Jessalyn,Kathie,II,339 185 9510,krambautby@exblog.jp,4/9/2018
432,Hains,Leslie,Chester,IV,560 809 3199,chainsbz@theatlantic.com,4/5/2018
433,Vlasenkov,Karoly,Randal,III,807 613 8784,rvlasenkovc0@instagram.com,1/15/2018
434,Sanper,Billie,Maye,IV,228 627 2825,msanperc1@symantec.com,9/4/2017
435,Markus,Serene,Hector,Jr,197 724 2208,hmarkusc2@washington.edu,5/10/2018
436,Poli,Shalne,Ewan,III,889 557 5623,epolic3@usgs.gov,5/5/2018
437,McAloren,Karilynn,Averil,Jr,348 700 3843,amcalorenc4@wiley.com,10/16/2017
438,Stapleford,Nelie,Waiter,Jr,163 938 5643,wstaplefordc5@epa.gov,8/18/2017
439,Kilfoyle,Delaney,Amalia,Sr,160 337 1791,akilfoylec6@zimbio.com,12/21/2017
440,Archibould,Carmelia,Lombard,III,106 418 1224,larchibouldc7@vkontakte.ru,2/5/2018
441,Ettels,Palm,Vaughan,IV,622 770 9021,vettelsc8@163.com,8/14/2017
442,MacFaul,Dagmar,Veronike,IV,193 421 4763,vmacfaulc9@123-reg.co.uk,10/8/2017
443,Rhyme,Michaeline,Kerr,Sr,252 334 9547,krhymeca@wikipedia.org,6/1/2018
444,Piddlesden,Osbert,Silvio,Sr,519 623 1530,spiddlesdencb@senate.gov,3/8/2018
445,Brumen,Tedra,Stephana,II,683 292 1919,sbrumencc@vistaprint.com,12/22/2017
446,McLeoid,Cate,Stesha,IV,468 312 1501,smcleoidcd@google.es,2/23/2018
447,Kimbrey,Sherlocke,Bradan,III,255 855 9194,bkimbreyce@seattletimes.com,7/6/2018
448,Tinton,Aime,Tabitha,III,869 289 7299,ttintoncf@forbes.com,4/14/2018
449,Laingmaid,Fairfax,Kelcy,Sr,377 591 6261,klaingmaidcg@google.pl,8/16/2017
450,Widdop,Olly,Dianna,II,184 638 8438,dwiddopch@networkadvertising.org,7/10/2017
451,Marchiso,Bruis,Clayson,IV,696 835 9174,cmarchisoci@cloudflare.com,3/8/2018
452,Dedrick,Isabelita,Kennie,IV,965 580 2705,kdedrickcj@cdc.gov,3/11/2018
453,Lindelof,Teri,Ninetta,IV,242 781 5005,nlindelofck@booking.com,9/18/2017
454,Berkery,Sharia,Eolande,Jr,541 387 0695,eberkerycl@123-reg.co.uk,11/21/2017
455,Chaffe,Valentia,Christian,IV,298 784 4058,cchaffecm@4shared.com,9/14/2017
456,Balston,Aristotle,Borg,Sr,782 998 9113,bbalstoncn@uol.com.br,7/31/2017
457,Arnoult,Marcellus,Olivette,II,714 666 0795,oarnoultco@smugmug.com,6/11/2018
458,Beazley,Ainslee,Iona,Jr,361 992 0618,ibeazleycp@apache.org,7/25/2017
459,Gaskins,Kerr,Brittaney,Jr,230 100 2686,bgaskinscq@mail.ru,5/27/2018
460,Crump,Kit,Minor,Jr,486 120 9228,mcrumpcr@hatena.ne.jp,9/16/2017
461,Heisman,Karlan,Conny,Jr,240 838 6813,cheismancs@sphinn.com,3/25/2018
462,Bartosik,Karel,Abbot,III,513 852 8906,abartosikct@ebay.co.uk,12/4/2017
463,Sandyfirth,Claresta,Gui,IV,441 981 9516,gsandyfirthcu@prlog.org,12/26/2017
464,Stendell,Olav,Ethelda,II,857 940 4872,estendellcv@netscape.com,8/28/2017
465,Kemm,Bethany,Godwin,Sr,387 263 1279,gkemmcw@weather.com,5/13/2018
466,Torvey,Rozalin,Serene,III,811 567 9108,storveycx@ca.gov,8/11/2017
467,Sissons,Miran,Karlie,Sr,141 933 0208,ksissonscy@reddit.com,4/17/2018
468,Sandels,Gladys,Abigale,IV,819 598 4340,asandelscz@mozilla.com,12/9/2017
469,Corey,Harmonia,Lidia,IV,823 161 9407,lcoreyd0@barnesandnoble.com,1/20/2018
470,Dutt,Janie,Kearney,Jr,119 891 1528,kduttd1@cafepress.com,3/12/2018
471,Morrill,Sunny,Costanza,Sr,655 424 0136,cmorrilld2@typepad.com,1/8/2018
472,Basden,Nyssa,Joly,II,796 480 7213,jbasdend3@macromedia.com,12/22/2017
473,Enevold,Yolane,Jo ann,Jr,601 484 2306,jenevoldd4@livejournal.com,6/27/2018
474,Keizman,Bev,Bunnie,Jr,994 715 4043,bkeizmand5@furl.net,5/15/2018
475,Pantry,Thorstein,Felipa,II,738 193 6022,fpantryd6@mozilla.com,6/8/2018
476,Parysowna,Barbey,Nicolina,III,557 913 5584,nparysownad7@usa.gov,2/17/2018
477,Greber,Claudius,Deanna,IV,204 234 3410,dgreberd8@weather.com,9/4/2017
478,Storr,Maddy,Ermengarde,Jr,924 892 5365,estorrd9@state.gov,3/30/2018
479,Kall,Aubrey,Ula,IV,911 937 5559,ukallda@rediff.com,10/10/2017
480,Prahl,Fin,Joachim,III,515 673 4720,jprahldb@wikipedia.org,5/27/2018
481,Jillitt,Selby,Alysia,II,463 323 9405,ajillittdc@sina.com.cn,8/19/2017
482,McGann,Deck,Elonore,Jr,389 764 2336,emcganndd@friendfeed.com,12/8/2017
483,Tyre,Gerome,Opaline,IV,865 307 3584,otyrede@gizmodo.com,4/16/2018
484,Fiddeman,Bram,Maurits,Sr,206 353 4875,mfiddemandf@godaddy.com,2/3/2018
485,Fishbourn,Elisabet,Blanche,II,910 187 1069,bfishbourndg@ycombinator.com,10/11/2017
486,Cantillion,Thornton,Keeley,Sr,618 573 4105,kcantilliondh@nytimes.com,3/13/2018
487,Buie,Aubine,Adelle,IV,106 259 8239,abuiedi@deliciousdays.com,11/14/2017
488,Graith,Libby,Evyn,III,757 603 7673,egraithdj@flavors.me,5/22/2018
489,Ludee,Kathleen,Carlyle,IV,152 101 1238,cludeedk@xinhuanet.com,10/3/2017
490,Rickaby,Alisander,Daloris,Jr,697 343 8408,drickabydl@indiegogo.com,6/5/2018
491,Salaman,Laureen,Zandra,III,288 470 3104,zsalamandm@elegantthemes.com,4/17/2018
492,Romeo,Arlana,Lillis,Sr,167 856 5026,lromeodn@walmart.com,12/16/2017
493,Wauchope,Kristi,Cammi,IV,962 587 5520,cwauchopedo@nih.gov,5/19/2018
494,Bandy,Lazar,Charo,Jr,430 501 1503,cbandydp@bbb.org,10/12/2017
495,Burnell,Lawton,Elsa,Sr,825 604 4025,eburnelldq@google.com.au,10/1/2017
496,Helling,Margarethe,Amery,Sr,754 704 3339,ahellingdr@mayoclinic.com,5/21/2018
497,Babbs,Aldrich,Genna,II,776 453 3490,gbabbsds@ft.com,5/18/2018
498,Haton,Lotta,Jeanette,Jr,505 156 5965,jhatondt@gmpg.org,7/10/2017
499,Girone,Hanson,Claus,III,904 553 9614,cgironedu@statcounter.com,7/21/2017
500,Schwanden,Lanita,Alec,III,884 651 2816,aschwandendv@list-manage.com,5/22/2018
501,Kopacek,Spencer,Wit,IV,931 569 4516,wkopacekdw@nhs.uk,5/6/2018
502,Duhig,Carissa,Caro,Sr,726 888 7945,cduhigdx@wunderground.com,11/13/2017
503,Drayn,Thayne,Simonette,Jr,451 660 0308,sdrayndy@flavors.me,5/15/2018
504,Baggelley,Sibbie,Edgard,IV,228 522 8501,ebaggelleydz@mit.edu,8/24/2017
505,Ashe,Arlen,Janie,Jr,949 781 5366,jashee0@nsw.gov.au,7/23/2017
506,Yorkston,Boigie,Scotty,II,511 591 9458,syorkstone1@symantec.com,11/28/2017
507,Gairdner,Desdemona,Jim,Jr,463 131 2448,jgairdnere2@taobao.com,11/23/2017
508,Frede,Cynde,Bertie,II,578 482 8210,bfredee3@gmpg.org,8/3/2017
509,O' Donohoe,Lee,Claiborne,IV,586 531 3049,codonohoee4@un.org,10/13/2017
510,Childers,Darla,Christen,III,398 350 0438,cchilderse5@parallels.com,7/14/2017
511,Pressman,Waiter,Kingston,III,317 874 5288,kpressmane6@photobucket.com,5/31/2018
512,Cottem,Poul,Fayth,IV,302 202 8352,fcotteme7@timesonline.co.uk,9/16/2017
513,Hallowes,Murdoch,Kat,Sr,371 346 5689,khallowese8@amazon.co.jp,10/13/2017
514,Porcas,Reta,Bridgette,II,564 585 0120,bporcase9@slideshare.net,12/28/2017
515,Farman,Kiri,Justine,Jr,685 843 2773,jfarmanea@howstuffworks.com,4/10/2018
516,Pond-Jones,Heriberto,Amble,III,737 444 6987,apondjoneseb@businessweek.com,3/20/2018
517,Caplis,Cordelie,Clevey,Jr,666 626 9880,ccaplisec@ocn.ne.jp,7/28/2017
518,Alvarado,Lyman,Natal,IV,692 991 1861,nalvaradoed@weather.com,11/22/2017
519,Hamnett,Allister,Nananne,Sr,442 736 2700,nhamnettee@ustream.tv,7/10/2017
520,Keyzor,Blithe,Babs,Jr,275 550 6215,bkeyzoref@icio.us,4/5/2018
521,Merfin,Patsy,Tanny,IV,359 614 9514,tmerfineg@sourceforge.net,12/13/2017
522,Aery,Junette,Rufus,IV,556 985 7377,raeryeh@goodreads.com,1/21/2018
523,Lurner,Margret,Willabella,IV,795 339 4483,wlurnerei@wix.com,1/18/2018
524,Alday,Buddie,Greg,III,420 649 5391,galdayej@photobucket.com,11/10/2017
525,Hurdidge,Catha,Alexei,IV,303 481 6207,ahurdidgeek@newyorker.com,1/8/2018
526,Quoit,Shelley,Shannan,Sr,561 155 5485,squoitel@eepurl.com,3/5/2018
527,Smither,Abey,Chrisy,Sr,682 635 5957,csmitherem@delicious.com,1/2/2018
528,MacAdam,Maiga,Alexio,II,269 751 7737,amacadamen@army.mil,3/2/2018
529,Bott,Dyann,Kaine,II,157 774 2890,kbotteo@issuu.com,1/26/2018
530,Kirsz,Millard,Nariko,III,792 762 3317,nkirszep@tiny.cc,12/3/2017
531,Garvie,Hans,Arlene,Jr,994 963 8747,agarvieeq@slashdot.org,1/12/2018
532,Isson,Wendi,Caresse,Jr,602 673 8289,cissoner@bravesites.com,3/29/2018
533,Gunny,Malcolm,Devonna,IV,132 257 4720,dgunnyes@newsvine.com,2/22/2018
534,McKevany,Shelli,Ly,IV,376 845 1380,lmckevanyet@indiatimes.com,6/8/2018
535,Matzke,Shelagh,Tabatha,IV,921 327 7786,tmatzkeeu@phoca.cz,8/20/2017
536,Inchley,Lenora,Abagael,IV,298 289 3616,ainchleyev@mashable.com,4/5/2018
537,Saul,Brena,Don,IV,442 119 2533,dsaulew@google.de,2/14/2018
538,Andreichik,Almeta,Alastair,III,226 878 5162,aandreichikex@photobucket.com,6/8/2018
539,Nanelli,Dominick,Bobette,Sr,592 697 0966,bnanelliey@wordpress.com,6/18/2018
540,Skin,Imogene,Arleta,III,465 837 9302,askinez@shutterfly.com,9/4/2017
541,Nuzzi,Erroll,Sher,III,857 249 4170,snuzzif0@dion.ne.jp,8/10/2017
542,Hugin,Corissa,Franzen,Jr,434 261 6190,fhuginf1@slideshare.net,10/20/2017
543,Sanz,Chicky,Lauren,Sr,422 574 6307,lsanzf2@webs.com,3/25/2018
544,Scurry,Farrell,Ferne,Jr,142 289 4247,fscurryf3@reuters.com,1/24/2018
545,Connealy,Garrett,Base,II,717 992 4118,bconnealyf4@cpanel.net,5/24/2018
546,McCready,Mikel,Fanchette,III,449 619 4064,fmccreadyf5@sakura.ne.jp,8/27/2017
547,Aleksahkin,Lynn,Donni,II,611 685 8427,daleksahkinf6@devhub.com,9/12/2017
548,Vitall,Florette,Artur,IV,672 697 4430,avitallf7@addtoany.com,8/26/2017
549,Alliban,Artemas,Lazare,IV,788 920 3757,lallibanf8@51.la,9/3/2017
550,Huison,Luise,Clayson,Sr,793 290 3053,chuisonf9@google.com,5/28/2018
551,Tolle,Jordan,Charin,Sr,307 492 9291,ctollefa@tuttocitta.it,11/16/2017
552,Maciaszek,Joachim,Clifford,Jr,853 715 2883,cmaciaszekfb@reverbnation.com,5/9/2018
553,Kimble,Garrett,Kevina,IV,234 653 8256,kkimblefc@weebly.com,12/7/2017
554,Causby,Brandtr,Langston,II,577 215 3474,lcausbyfd@squidoo.com,4/6/2018
555,Roskell,Cammie,Madelin,II,457 508 7636,mroskellfe@seesaa.net,7/11/2017
556,Enevoldsen,Star,Jamie,IV,666 187 9143,jenevoldsenff@github.io,7/4/2018
557,Schroter,Karia,Barret,Jr,382 447 1681,bschroterfg@icq.com,4/29/2018
558,Ouslem,Tammie,Felicdad,Jr,658 234 3529,fouslemfh@is.gd,10/17/2017
559,Penylton,Anni,Theodor,Jr,615 552 1263,tpenyltonfi@ycombinator.com,1/15/2018
560,Kisting,Edin,Carson,IV,175 324 0752,ckistingfj@trellian.com,12/29/2017
561,Sutty,Lonnard,Cordy,III,129 483 2481,csuttyfk@geocities.com,5/24/2018
562,Luscombe,Ursuline,Cyrill,Sr,405 582 6776,cluscombefl@ucsd.edu,5/21/2018
563,Whitaker,Lizbeth,Derward,II,772 571 5500,dwhitakerfm@t.co,6/7/2018
564,McNickle,Juli,Valle,III,763 292 7635,vmcnicklefn@earthlink.net,6/30/2018
565,Grestie,Ruthanne,Charisse,Sr,642 722 0087,cgrestiefo@pen.io,8/14/2017
566,Stockoe,Min,Celinda,Sr,242 333 0812,cstockoefp@apache.org,4/12/2018
567,Corkish,Xerxes,Buck,Jr,954 188 8890,bcorkishfq@yahoo.com,8/20/2017
568,Furniss,Hester,Lanie,Jr,979 331 7838,lfurnissfr@bing.com,4/7/2018
569,Spreadbury,Dahlia,Tallou,II,203 483 4736,tspreadburyfs@so-net.ne.jp,8/20/2017
570,Olczak,Idell,Kirbie,II,930 275 5709,kolczakft@mtv.com,3/8/2018
571,Guilloton,Nerta,Chalmers,II,922 514 1489,cguillotonfu@merriam-webster.com,6/11/2018
572,Sadat,Rahal,Jasmin,III,371 460 2898,jsadatfv@jiathis.com,6/4/2018
573,Johann,Robinia,Ivor,Jr,173 739 5077,ijohannfw@clickbank.net,6/1/2018
574,Sandercroft,Eula,Oberon,III,863 330 6448,osandercroftfx@prweb.com,7/25/2017
575,Derl,Jacky,Leland,IV,282 657 0422,lderlfy@answers.com,4/20/2018
576,Bason,Pierre,Julie,III,434 961 7201,jbasonfz@phpbb.com,7/29/2017
577,Mosey,Carline,Delora,Sr,569 472 5120,dmoseyg0@gizmodo.com,2/4/2018
578,Robak,Jewell,Gustav,Sr,814 750 1501,grobakg1@pen.io,4/11/2018
579,Illidge,Kelli,Erroll,IV,967 612 1026,eillidgeg2@adobe.com,7/23/2017
580,Yesinin,Belva,Phillie,IV,439 293 9517,pyesining3@purevolume.com,5/8/2018
581,Claybourne,Celestia,Marylynne,Sr,254 757 8071,mclaybourneg4@simplemachines.org,7/31/2017
582,McElree,Benson,Gerry,IV,409 357 1123,gmcelreeg5@delicious.com,8/7/2017
583,Holgan,Gayelord,Rayshell,III,534 420 3253,rholgang6@seattletimes.com,3/13/2018
584,Coltart,Pauline,Mitchel,Sr,853 152 0953,mcoltartg7@taobao.com,12/26/2017
585,Comford,Bernette,Adore,III,178 288 4454,acomfordg8@oaic.gov.au,6/7/2018
586,Figliovanni,Worthy,Lissy,Jr,695 499 8500,lfigliovannig9@nps.gov,1/23/2018
587,Coldbath,Valery,Suzanna,IV,421 192 4389,scoldbathga@opera.com,7/20/2017
588,Croix,Tracie,Caria,III,125 149 2450,ccroixgb@unicef.org,2/22/2018
589,Girodin,Lynne,Shelly,Sr,130 646 0098,sgirodingc@sourceforge.net,1/3/2018
590,Lumsdaine,Yasmin,Lizette,Jr,673 972 2399,llumsdainegd@geocities.jp,10/30/2017
591,Petrello,Malissia,Dolf,III,722 400 5418,dpetrelloge@typepad.com,2/24/2018
592,Berndt,Cassandre,Cindee,III,816 658 3655,cberndtgf@dedecms.com,1/23/2018
593,Wilfling,Riva,Kim,II,729 193 6189,kwilflinggg@harvard.edu,1/23/2018
594,Walton,Elane,Odilia,Sr,102 757 7699,owaltongh@si.edu,4/28/2018
595,Bouldstridge,Ferdy,Kalvin,IV,971 511 6738,kbouldstridgegi@illinois.edu,9/24/2017
596,Skade,Micki,Woodie,IV,249 121 1096,wskadegj@prnewswire.com,2/23/2018
597,Hoffner,Caresse,Joey,IV,619 685 5431,jhoffnergk@phoca.cz,6/13/2018
598,Romeuf,Wald,Delphinia,Sr,436 402 4551,dromeufgl@g.co,10/30/2017
599,Jauncey,Zulema,Iris,IV,200 472 2336,ijaunceygm@icq.com,12/1/2017
600,Vlasyuk,Garold,Hermie,Sr,234 231 2279,hvlasyukgn@sbwire.com,9/6/2017
601,Lambarth,Dehlia,Liz,II,873 773 5159,llambarthgo@patch.com,4/21/2018
602,Blues,Alissa,Elna,IV,409 181 8921,ebluesgp@bbc.co.uk,5/14/2018
603,Greenier,Worthy,Kaela,II,122 304 1672,kgreeniergq@zimbio.com,7/23/2017
604,Shannahan,Deina,Maybelle,III,755 528 6745,mshannahangr@sphinn.com,9/26/2017
605,Dibdall,Stephen,Alley,Jr,749 249 7019,adibdallgs@hexun.com,12/16/2017
606,Goodday,Hyacinthe,Zsa zsa,Jr,450 255 7088,zgooddaygt@naver.com,9/10/2017
607,Musker,Janetta,Karney,Sr,436 790 3926,kmuskergu@diigo.com,2/2/2018
608,Pennone,Louis,Daniel,Jr,102 459 9394,dpennonegv@statcounter.com,12/1/2017
609,Manz,Antonietta,Loren,IV,869 686 2974,lmanzgw@pbs.org,2/2/2018
610,Pohl,Innis,Reade,IV,660 184 1965,rpohlgx@wisc.edu,12/31/2017
611,Brabon,Cornelle,Kellie,III,573 732 2914,kbrabongy@sourceforge.net,2/6/2018
612,Dickens,Valenka,Cointon,Jr,262 758 9136,cdickensgz@infoseek.co.jp,12/18/2017
613,Kelmere,Jerome,Jonis,IV,249 602 1995,jkelmereh0@tinypic.com,8/11/2017
614,Bearsmore,Hodge,Tim,IV,762 900 1801,tbearsmoreh1@mapquest.com,8/4/2017
615,Desouza,Arlan,Madeleine,Jr,663 669 9510,mdesouzah2@amazonaws.com,2/12/2018
616,Ambrogioli,Lebbie,Freeland,II,953 429 3964,fambrogiolih3@quantcast.com,8/2/2017
617,Gill,Stevana,Ruby,II,700 248 7650,rgillh4@youtube.com,11/13/2017
618,Fairlaw,Cristin,Abigail,Sr,443 197 3508,afairlawh5@zimbio.com,2/17/2018
619,Aspray,Elwin,Dorelle,Jr,891 524 2756,dasprayh6@edublogs.org,7/27/2017
620,Girardini,Joey,Angeline,II,887 309 1377,agirardinih7@infoseek.co.jp,11/26/2017
621,Antoniades,Violetta,Niccolo,Jr,415 936 8337,nantoniadesh8@google.ru,9/8/2017
622,Jackways,Tomlin,Franny,IV,905 605 8785,fjackwaysh9@blogs.com,3/27/2018
623,Esslemont,Hi,Margy,III,843 688 7508,messlemontha@cdbaby.com,12/25/2017
624,Skingle,Ulrich,Costanza,II,957 960 0125,cskinglehb@yahoo.com,9/17/2017
625,Kibel,Darell,Vivyan,III,621 391 6547,vkibelhc@foxnews.com,4/20/2018
626,Pottell,Tally,Paulie,IV,457 272 9919,ppottellhd@skype.com,2/16/2018
627,O'Dogherty,Willamina,Alexander,II,884 305 9813,aodoghertyhe@people.com.cn,7/19/2017
628,Lowdiane,Brinn,Ranna,Sr,840 641 3687,rlowdianehf@google.nl,11/30/2017
629,Risebrow,Nanette,Duke,III,289 372 8167,drisebrowhg@ezinearticles.com,4/10/2018
630,Pyrah,Brett,Rosemaria,III,230 469 1261,rpyrahhh@hp.com,11/2/2017
631,Prendeville,Birdie,Perri,IV,713 223 3840,pprendevillehi@shutterfly.com,12/3/2017
632,Quartermain,Averil,Walsh,Jr,186 468 6878,wquartermainhj@newsvine.com,1/4/2018
633,Willoughley,Herrick,Vilma,Sr,743 823 3919,vwilloughleyhk@wix.com,8/20/2017
634,Peetermann,Odille,Francene,Jr,408 691 3759,fpeetermannhl@about.me,4/28/2018
635,Fawssett,Erin,Jakob,III,271 569 8524,jfawssetthm@rediff.com,6/26/2018
636,Dewberry,Marcile,Reiko,II,341 886 3034,rdewberryhn@deliciousdays.com,1/14/2018
637,Leisk,Ashlen,Pamella,Jr,159 330 5402,pleiskho@irs.gov,5/8/2018
638,Biddlecombe,Gillie,Jeremias,II,183 308 4281,jbiddlecombehp@vinaora.com,12/23/2017
639,Reddlesden,Weylin,Mitchel,IV,328 599 4497,mreddlesdenhq@psu.edu,12/31/2017
640,Giabuzzi,Lori,Moises,IV,323 507 6891,mgiabuzzihr@yolasite.com,10/26/2017
641,Brayfield,Rosanna,Evangeline,III,200 733 7925,ebrayfieldhs@blogger.com,10/30/2017
642,Fife,Abdel,Renae,Jr,407 644 2552,rfifeht@behance.net,5/17/2018
643,Hansberry,Rafaello,Cristi,II,119 954 9351,chansberryhu@hp.com,2/27/2018
644,Lovel,Leola,Evonne,Sr,799 307 1519,elovelhv@lulu.com,4/26/2018
645,Portwaine,Yoko,Glynn,Jr,650 685 0373,gportwainehw@privacy.gov.au,6/9/2018
646,Stovold,Pietro,Emogene,II,322 281 3949,estovoldhx@ebay.co.uk,6/14/2018
647,Godson,Calv,Drusilla,IV,408 631 5912,dgodsonhy@homestead.com,11/16/2017
648,Hanaby,Theodora,Celeste,III,518 633 5005,chanabyhz@reuters.com,1/17/2018
649,Cudby,Saunderson,Koralle,III,240 328 8545,kcudbyi0@cmu.edu,2/19/2018
650,Visco,Eldin,Harriett,II,720 368 5564,hviscoi1@slate.com,11/23/2017
651,Ziemke,Esra,Bailey,II,212 524 6509,bziemkei2@yelp.com,9/15/2017
652,McIver,Dev,Dianne,Sr,206 231 4012,dmciveri3@shop-pro.jp,6/16/2018
653,Pollicote,Gaye,Constantia,Jr,151 189 5094,cpollicotei4@w3.org,3/14/2018
654,Rickards,Dina,Lindsay,III,691 747 9403,lrickardsi5@geocities.jp,10/28/2017
655,MacAskill,Jolee,Jemmy,IV,853 953 1080,jmacaskilli6@go.com,10/16/2017
656,Gull,Boot,Aliza,IV,619 157 9932,agulli7@51.la,12/12/2017
657,Kingdon,Levi,Merrill,II,261 972 1958,mkingdoni8@mac.com,12/9/2017
658,Tolemache,Amabelle,Robina,Jr,765 770 1311,rtolemachei9@google.co.uk,10/25/2017
659,Bambra,Jackson,Cherice,IV,193 914 0971,cbambraia@booking.com,5/21/2018
660,Daens,Lorine,Mallorie,Jr,515 163 0172,mdaensib@hao123.com,12/11/2017
661,Woofenden,Elysia,Jeremie,IV,897 841 0970,jwoofendenic@live.com,7/3/2018
662,Alti,Waiter,Lodovico,II,130 860 5421,laltiid@creativecommons.org,4/11/2018
663,Bugdale,Kai,Edwin,II,413 881 7009,ebugdaleie@newyorker.com,11/3/2017
664,Bowie,Greer,Eleanore,III,554 215 0307,ebowieif@google.com.br,11/15/2017
665,Yvon,Leelah,Dino,IV,170 929 7637,dyvonig@360.cn,3/26/2018
666,Pedron,Riva,Launce,Jr,269 116 8219,lpedronih@studiopress.com,11/17/2017
667,Lancett,Gillan,Carlene,IV,199 896 9346,clancettii@ocn.ne.jp,1/26/2018
668,Cleiment,Constancy,Albie,Jr,271 438 4323,acleimentij@gravatar.com,3/4/2018
669,Ingree,Demetris,Pen,III,108 796 8421,pingreeik@uol.com.br,8/3/2017
670,Fernier,Rudy,Clywd,Jr,246 623 4531,cfernieril@nih.gov,5/13/2018
671,Scoyne,Dud,Abba,IV,221 441 6632,ascoyneim@nytimes.com,12/22/2017
672,Crosetti,Cleve,Lorenza,Jr,497 194 9154,lcrosettiin@pcworld.com,1/26/2018
673,Kilmary,Chastity,Dean,II,331 595 6625,dkilmaryio@hibu.com,3/11/2018
674,Crowcroft,Flossi,Cori,II,816 629 0831,ccrowcroftip@1und1.de,3/12/2018
675,Ratie,Stearn,Doralynne,Sr,308 953 3331,dratieiq@dedecms.com,5/5/2018
676,Sprowson,Niven,Natty,IV,310 447 8379,nsprowsonir@blog.com,6/28/2018
677,Elizabeth,Annalee,Kelsey,Jr,607 769 8091,kelizabethis@ifeng.com,5/26/2018
678,Gley,Petronille,Gav,III,936 724 2248,ggleyit@storify.com,4/1/2018
679,Lebel,Base,Karena,IV,428 784 9662,klebeliu@com.com,6/2/2018
680,Mattke,Janeva,Ramona,III,313 628 0259,rmattkeiv@google.ru,11/25/2017
681,Levicount,Lemmie,Gabie,IV,213 779 4342,glevicountiw@clickbank.net,8/5/2017
682,Baldacco,Engracia,Pollyanna,II,521 441 7141,pbaldaccoix@theglobeandmail.com,11/19/2017
683,Colliver,Sheba,Virgilio,IV,701 862 7906,vcolliveriy@china.com.cn,3/22/2018
684,Trotter,Philippa,Raynell,III,417 563 3996,rtrotteriz@amazon.co.jp,1/12/2018
685,Markwelley,Elena,Roobbie,IV,767 642 8311,rmarkwelleyj0@newyorker.com,8/11/2017
686,Beden,Royal,Charil,Sr,282 293 3418,cbedenj1@gravatar.com,12/3/2017
687,Conyer,Vanya,Spense,III,142 658 0640,sconyerj2@cbc.ca,7/1/2018
688,Ferrone,Vern,Lanie,Sr,955 628 7582,lferronej3@pen.io,12/2/2017
689,McGillicuddy,Leonerd,Ennis,III,130 915 8868,emcgillicuddyj4@berkeley.edu,2/14/2018
690,Monkleigh,Esta,Foss,Jr,205 470 6166,fmonkleighj5@elegantthemes.com,1/26/2018
691,Rolling,Rutter,Briant,Sr,406 355 6118,brollingj6@pcworld.com,3/16/2018
692,Campe,Kayla,Aretha,II,437 202 7225,acampej7@psu.edu,3/6/2018
693,Perillo,Jazmin,Norma,II,204 798 7346,nperilloj8@desdev.cn,11/8/2017
694,MacConnechie,Travers,Alexi,Jr,673 278 0540,amacconnechiej9@nba.com,10/21/2017
695,Cathel,Jerome,Claribel,III,758 606 2910,ccathelja@census.gov,8/31/2017
696,Mion,Audre,Teddy,IV,357 611 6235,tmionjb@foxnews.com,4/25/2018
697,Pratten,Ermin,Angelique,Sr,890 916 5428,aprattenjc@mashable.com,11/24/2017
698,Kimmel,Edsel,Christophorus,II,333 763 3492,ckimmeljd@ameblo.jp,7/30/2017
699,Sharer,Easter,Sapphira,III,882 270 2426,ssharerje@so-net.ne.jp,5/18/2018
700,Sherington,Damita,Lorettalorna,Jr,761 460 0580,lsheringtonjf@apple.com,4/7/2018
701,Fitzroy,Monroe,Sapphire,IV,548 342 8463,sfitzroyjg@ameblo.jp,5/11/2018
702,Ossenna,Jere,Eugine,Sr,801 726 9142,eossennajh@blog.com,9/4/2017
703,Sudworth,Prudy,Claresta,Sr,801 494 9972,csudworthji@vimeo.com,3/9/2018
704,Bilby,Ailbert,Nehemiah,Jr,480 513 0912,nbilbyjj@hc360.com,9/17/2017
705,Ply,Melisandra,Harv,IV,163 688 3676,hplyjk@friendfeed.com,9/28/2017
706,Caulkett,Alfie,Lacy,II,330 155 8122,lcaulkettjl@meetup.com,11/5/2017
707,Duncan,Amity,Job,Jr,136 653 1357,jduncanjm@senate.gov,5/9/2018
708,Crumbleholme,Drucill,Raeann,II,533 371 6229,rcrumbleholmejn@bigcartel.com,5/19/2018
709,Parysiak,Sorcha,Gizela,II,445 992 5369,gparysiakjo@senate.gov,10/29/2017
710,Stoeckle,Anson,Clyve,III,455 727 5503,cstoecklejp@booking.com,3/26/2018
711,Gladdifh,Temp,Ashlan,III,108 480 1530,agladdifhjq@istockphoto.com,3/16/2018
712,Scrowson,Oralee,Ardella,Jr,505 147 5033,ascrowsonjr@technorati.com,11/2/2017
713,Normavill,Felecia,Dyanna,II,790 745 4998,dnormavilljs@fda.gov,4/15/2018
714,Spawell,Mateo,Shea,IV,785 851 6271,sspawelljt@hibu.com,5/30/2018
715,Bowell,Traver,Hube,II,387 437 6485,hbowellju@tripadvisor.com,10/2/2017
716,Marre,Chauncey,Cindelyn,IV,404 127 1310,cmarrejv@nymag.com,4/9/2018
717,Noore,Matthieu,Worthington,II,871 922 2223,wnoorejw@twitter.com,12/17/2017
718,Dorgon,Evvy,Ferd,III,649 212 3214,fdorgonjx@soup.io,1/2/2018
719,Crowley,Cris,Lolita,Jr,664 555 3644,lcrowleyjy@sphinn.com,8/13/2017
720,Emer,Ambur,Roanne,Jr,892 818 2456,remerjz@google.com.au,5/11/2018
721,Navaro,Melamie,Bryon,Sr,413 677 9525,bnavarok0@w3.org,4/23/2018
722,Codling,Prentice,Harri,II,224 284 4508,hcodlingk1@altervista.org,2/12/2018
723,Christou,Wallache,Gerry,Jr,597 482 5499,gchristouk2@hud.gov,10/26/2017
724,Oaten,Bernie,Earle,IV,613 466 6715,eoatenk3@slate.com,5/17/2018
725,Appleton,Ronny,Cecilla,Sr,405 768 3339,cappletonk4@yandex.ru,3/17/2018
726,Konerding,Diana,Corrie,IV,860 560 5805,ckonerdingk5@ocn.ne.jp,1/10/2018
727,Stallen,Libbie,Tanhya,II,711 795 1265,tstallenk6@t.co,10/31/2017
728,Sadd,Hugues,Mersey,IV,742 674 6809,msaddk7@google.co.uk,1/13/2018
729,Lyall,Nappy,Sanders,II,559 875 4946,slyallk8@naver.com,1/6/2018
730,Genthner,Jacynth,Eolanda,IV,757 424 6902,egenthnerk9@psu.edu,2/4/2018
731,Aisbett,Jim,Darbee,III,282 389 0247,daisbettka@imgur.com,1/3/2018
732,Divall,Jereme,Rosita,IV,744 273 6408,rdivallkb@angelfire.com,12/6/2017
733,Rawsthorne,Ingunna,Guthrey,Sr,907 943 9044,grawsthornekc@bloomberg.com,9/2/2017
734,Dykes,Bride,Catharina,IV,414 766 3336,cdykeskd@chron.com,8/6/2017
735,McVitie,Malva,Ameline,IV,688 140 7377,amcvitieke@cornell.edu,9/10/2017
736,Oake,Nadiya,Wendy,Sr,537 475 2315,woakekf@list-manage.com,6/9/2018
737,Scrowby,Olga,Guthrey,Sr,349 709 5736,gscrowbykg@amazonaws.com,5/19/2018
738,Tingle,Kristoffer,Chadwick,III,751 783 5082,ctinglekh@devhub.com,12/26/2017
739,Mulholland,Farand,Revkah,IV,742 518 6649,rmulhollandki@ow.ly,12/22/2017
740,Kilshall,Emmie,Immanuel,Sr,519 656 7176,ikilshallkj@arizona.edu,6/26/2018
741,Palmby,Charlene,Dulcy,IV,504 791 6650,dpalmbykk@stanford.edu,12/3/2017
742,Vickars,Allyson,Nevsa,Sr,651 811 4928,nvickarskl@mashable.com,9/14/2017
743,Van Brug,Alexia,Mariette,Sr,393 732 3287,mvanbrugkm@free.fr,6/25/2018
744,Cudworth,Selena,De witt,IV,594 934 6601,dcudworthkn@ovh.net,2/3/2018
745,Lilburn,Emlyn,Ryon,Jr,962 271 2365,rlilburnko@amazon.de,3/10/2018
746,O'Scanlon,Deb,Munmro,IV,544 820 5729,moscanlonkp@patch.com,6/28/2018
747,Pracy,Dean,Welbie,IV,993 909 6833,wpracykq@merriam-webster.com,5/16/2018
748,Buxcey,Elmira,Erena,IV,462 532 4236,ebuxceykr@census.gov,5/5/2018
749,Onge,Iggie,Robbin,II,147 358 6710,rongeks@mac.com,9/11/2017
750,Hudspith,Balduin,Thaine,II,345 110 9758,thudspithkt@berkeley.edu,1/13/2018
751,Ianelli,Marya,Aldridge,Jr,661 394 5981,aianelliku@163.com,9/18/2017
752,Rouby,Tadio,Lanae,Sr,390 483 2333,lroubykv@xing.com,4/9/2018
753,Orgel,Ree,Gawen,III,914 296 3135,gorgelkw@chron.com,1/6/2018
754,Quilter,Gabie,Gabbie,III,462 558 7194,gquilterkx@ehow.com,11/27/2017
755,Avramovic,Thorin,Birgitta,Sr,950 687 5362,bavramovicky@symantec.com,6/5/2018
756,Rudolfer,Renate,Ariel,IV,343 160 8254,arudolferkz@baidu.com,12/7/2017
757,Medgewick,Clarita,Elsie,Sr,943 576 1042,emedgewickl0@geocities.jp,9/18/2017
758,Crewe,Roch,Kimbell,Sr,279 321 0532,kcrewel1@boston.com,2/2/2018
759,Postle,Andrea,Marcellus,III,441 952 6876,mpostlel2@altervista.org,8/10/2017
760,Bortoluzzi,Venus,Brody,IV,365 693 8318,bbortoluzzil3@technorati.com,11/6/2017
761,Cansdall,Jenda,Enrique,III,515 389 8265,ecansdalll4@gnu.org,7/19/2017
762,Doerffer,Sollie,Odie,Sr,916 353 8694,odoerfferl5@pcworld.com,4/13/2018
763,Ghiraldi,Davy,Duncan,Sr,394 928 6409,dghiraldil6@walmart.com,10/18/2017
764,Lante,Feodor,Lucila,Jr,335 492 8476,llantel7@1und1.de,9/1/2017
765,Takkos,Kerwinn,Washington,III,454 470 2597,wtakkosl8@flavors.me,10/27/2017
766,Klugel,Brena,Pincas,Sr,981 907 1661,pklugell9@about.me,12/17/2017
767,Wolfers,Worth,Carl,Jr,205 447 6711,cwolfersla@studiopress.com,7/19/2017
768,Von Welden,Oren,Elie,IV,732 342 6760,evonweldenlb@bing.com,10/8/2017
769,Krimmer,Wendie,Foss,III,120 824 4930,fkrimmerlc@feedburner.com,4/2/2018
770,Cuppitt,Christabella,Debi,III,714 360 1808,dcuppittld@cnet.com,6/28/2018
771,Mosson,Hally,Penny,IV,523 315 8201,pmossonle@cyberchimps.com,4/24/2018
772,McTeer,Joleen,Joceline,II,318 361 9602,jmcteerlf@squarespace.com,6/21/2018
773,Banaszewski,Sherry,Henrieta,Sr,806 982 4168,hbanaszewskilg@usatoday.com,2/21/2018
774,Adney,Brnaba,Julie,Sr,745 742 5002,jadneylh@slideshare.net,10/11/2017
775,Torbard,Astra,Seward,III,631 944 1645,storbardli@hhs.gov,2/1/2018
776,Cominello,Bryna,Cherin,Jr,912 796 4265,ccominellolj@illinois.edu,12/10/2017
777,Matthewman,Web,Brandon,Sr,344 980 8217,bmatthewmanlk@china.com.cn,8/3/2017
778,MacRory,Winnah,Wesley,III,149 954 8336,wmacroryll@usa.gov,7/31/2017
779,Pillans,Dorene,Beau,II,569 281 0803,bpillanslm@nationalgeographic.com,2/21/2018
780,Rosindill,Marja,Karee,II,227 193 4072,krosindillln@amazon.co.uk,3/13/2018
781,Byrnes,Wolfy,Gratiana,IV,413 240 8724,gbyrneslo@cnet.com,2/17/2018
782,Dagnall,Hatty,Marcus,III,133 496 1318,mdagnalllp@wikipedia.org,10/8/2017
783,Clew,Ailina,Mead,Jr,923 994 2383,mclewlq@upenn.edu,12/20/2017
784,Karppi,Woodie,Vernor,Sr,346 549 9912,vkarppilr@nymag.com,8/4/2017
785,Jagiela,Lombard,Schuyler,II,937 537 9244,sjagielals@boston.com,12/28/2017
786,Leversha,Kali,Pansy,II,427 562 8220,plevershalt@histats.com,7/6/2018
787,Coomes,Janetta,Vivie,II,608 649 3772,vcoomeslu@upenn.edu,6/2/2018
788,Mabone,Fanni,Weston,Sr,220 255 5088,wmabonelv@devhub.com,7/14/2017
789,Devo,Robbert,Archibaldo,II,731 736 5537,adevolw@fc2.com,3/1/2018
790,Knath,David,Cullen,III,561 782 3859,cknathlx@fema.gov,5/15/2018
791,Lukash,Claudian,Merrilee,II,999 630 8803,mlukashly@europa.eu,7/29/2017
792,Dodman,Craig,Gifford,IV,797 390 6851,gdodmanlz@spotify.com,10/22/2017
793,Hoodspeth,Jeni,Any,II,617 513 2254,ahoodspethm0@nba.com,8/21/2017
794,Sieb,Finn,Conny,IV,763 622 2389,csiebm1@de.vu,10/17/2017
795,Tonna,Evelyn,Thia,II,288 109 2685,ttonnam2@zimbio.com,10/22/2017
796,Dransfield,Flossi,Eolande,Sr,513 877 0146,edransfieldm3@reuters.com,7/19/2017
797,Dudny,Elisa,Frank,Sr,867 511 7426,fdudnym4@list-manage.com,11/13/2017
798,Ashall,Noami,Saw,III,211 821 0278,sashallm5@com.com,8/23/2017
799,Sheryne,Yardley,Reynold,III,675 943 0361,rsherynem6@constantcontact.com,6/25/2018
800,Penley,Lucilia,Lisette,Jr,295 573 1571,lpenleym7@etsy.com,10/12/2017
801,Jedrzej,Sydney,Kiah,Jr,728 630 6646,kjedrzejm8@unc.edu,4/25/2018
802,Goady,Fred,Jolyn,IV,496 741 4057,jgoadym9@elegantthemes.com,9/12/2017
803,Mounch,Moore,Megan,IV,961 564 1377,mmounchma@sourceforge.net,6/3/2018
804,Agates,Sandye,Jordan,II,534 140 2376,jagatesmb@surveymonkey.com,10/12/2017
805,Miko,Finley,Yvor,Jr,757 372 8553,ymikomc@mediafire.com,8/6/2017
806,Meys,Nicky,Cynthy,Sr,389 297 2591,cmeysmd@gizmodo.com,10/26/2017
807,Allain,Larry,Asher,Sr,491 220 2146,aallainme@qq.com,11/23/2017
808,Stiant,Skye,Gardie,Jr,427 620 9704,gstiantmf@seesaa.net,12/3/2017
809,Haxley,Tina,Rhett,Sr,817 159 8469,rhaxleymg@unicef.org,6/15/2018
810,Salzberger,Arlette,Aloisia,Jr,299 392 0650,asalzbergermh@epa.gov,9/14/2017
811,Munro,Eamon,Marjie,III,628 952 3015,mmunromi@nationalgeographic.com,1/4/2018
812,Nerne,Hersh,Kelsey,Jr,459 264 2293,knernemj@newyorker.com,4/16/2018
813,Knoton,Martica,Gibbie,Sr,558 984 0428,gknotonmk@scientificamerican.com,7/12/2017
814,Ellick,Erin,Leah,Sr,970 758 6409,lellickml@toplist.cz,3/3/2018
815,Mackinder,Elysia,Eyde,IV,865 875 6970,emackindermm@sogou.com,11/12/2017
816,Caldairou,Gilbert,Jaime,II,213 594 2647,jcaldairoumn@blogs.com,9/4/2017
817,Skirrow,Maryjo,Karolina,Jr,857 977 4993,kskirrowmo@cdc.gov,4/22/2018
818,Woodrooffe,Tulley,Sansone,II,315 472 4658,swoodrooffemp@cpanel.net,12/8/2017
819,Ledwitch,Oliviero,Ennis,II,570 763 2679,eledwitchmq@opera.com,8/6/2017
820,Lumox,Lindi,Abigail,IV,555 989 2523,alumoxmr@census.gov,1/22/2018
821,Cote,Francoise,Ruthie,Sr,312 890 1212,rcotems@state.gov,8/21/2017
822,Froschauer,Dareen,Anne-marie,IV,343 253 4694,afroschauermt@blog.com,6/13/2018
823,McTaggart,Simmonds,Mickey,IV,170 779 7375,mmctaggartmu@ed.gov,6/23/2018
824,Bezant,Steve,Bobby,Sr,761 462 2623,bbezantmv@cbsnews.com,12/26/2017
825,Eaddy,Tate,Chelsae,III,987 137 9633,ceaddymw@yolasite.com,12/24/2017
826,Saunton,Alexis,Hugo,Jr,921 253 2450,hsauntonmx@ca.gov,7/27/2017
827,Ensley,Leroi,Devonne,Jr,264 611 5282,densleymy@rakuten.co.jp,6/21/2018
828,Conduit,Erinna,Benoit,Sr,106 967 4009,bconduitmz@blogs.com,11/30/2017
829,Lesley,Hyacintha,Sanderson,IV,869 942 6197,slesleyn0@surveymonkey.com,9/28/2017
830,Caile,Winifield,Lissie,Sr,505 311 3858,lcailen1@123-reg.co.uk,11/19/2017
831,O'Halleghane,Hewett,Stavros,II,260 811 9519,sohalleghanen2@typepad.com,10/27/2017
832,Lefley,Quintus,Reece,III,678 972 4781,rlefleyn3@goo.ne.jp,10/1/2017
833,Markwick,Hayden,Georgianne,Jr,582 586 4443,gmarkwickn4@paypal.com,4/23/2018
834,Hause,Elmer,Alistair,Sr,913 298 8023,ahausen5@ca.gov,12/1/2017
835,Brennenstuhl,Hewet,Nickie,III,782 203 3301,nbrennenstuhln6@yelp.com,5/24/2018
836,Savage,Chere,Petunia,II,683 814 5354,psavagen7@fema.gov,6/2/2018
837,Stennard,Vanna,Adriena,Jr,247 607 9967,astennardn8@domainmarket.com,12/15/2017
838,Patters,Rolland,Valentin,III,275 894 2596,vpattersn9@shop-pro.jp,11/18/2017
839,Baalham,Bob,Mehetabel,Jr,289 674 5157,mbaalhamna@dedecms.com,12/23/2017
840,Bricknall,Allard,Gaylor,Jr,654 246 3311,gbricknallnb@moonfruit.com,11/30/2017
841,Mellody,Samuel,Cory,III,675 991 3391,cmellodync@disqus.com,1/29/2018
842,Beazey,Carmelle,Otho,IV,132 935 5586,obeazeynd@wordpress.com,1/19/2018
843,Baumadier,Letti,Malissa,Jr,289 192 2820,mbaumadierne@last.fm,11/16/2017
844,Stukings,Darrell,Barnett,II,188 608 0313,bstukingsnf@mozilla.com,1/21/2018
845,Ragdale,Tamra,Aharon,III,274 544 1679,aragdaleng@auda.org.au,9/18/2017
846,Babidge,Hilton,Nikolaos,Sr,734 606 8563,nbabidgenh@youtube.com,3/30/2018
847,Thoms,Marietta,Leoline,II,547 318 7819,lthomsni@state.gov,3/29/2018
848,Constable,Nonnah,Dagmar,Sr,342 354 4774,dconstablenj@istockphoto.com,12/31/2017
849,Lintott,Marsh,Abdel,Jr,753 855 6448,alintottnk@t.co,10/9/2017
850,Anthon,Morgan,Roger,IV,323 385 9850,ranthonnl@harvard.edu,9/8/2017
851,Madre,Pollyanna,Dedie,III,936 989 7614,dmadrenm@netvibes.com,12/7/2017
852,Darling,Rudie,Nathalie,IV,184 585 8291,ndarlingnn@omniture.com,12/3/2017
853,Spera,Gregorius,Drusie,Sr,394 276 2063,dsperano@nature.com,3/4/2018
854,Trewhela,Allard,Shelia,III,736 857 3895,strewhelanp@plala.or.jp,3/3/2018
855,Sighart,Sigismundo,Corry,Sr,589 314 5394,csighartnq@upenn.edu,8/30/2017
856,Sisselot,Erwin,Sheila-kathryn,II,737 594 1563,ssisselotnr@domainmarket.com,11/3/2017
857,Simcoe,Edna,Sydelle,III,678 580 3309,ssimcoens@dedecms.com,8/10/2017
858,Chapelhow,Gabriela,August,IV,444 147 8044,achapelhownt@miibeian.gov.cn,2/15/2018
859,Austen,Ronnie,Lotta,IV,396 767 6792,laustennu@privacy.gov.au,3/22/2018
860,Rivett,Valeria,Sean,IV,313 325 7170,srivettnv@t.co,3/26/2018
861,Lamperd,Ashby,Egor,III,737 254 7517,elamperdnw@unesco.org,1/11/2018
862,Learmouth,Abagael,Cecily,Jr,780 620 7326,clearmouthnx@upenn.edu,4/13/2018
863,Kimblen,Toddy,Camey,III,251 994 0764,ckimblenny@wix.com,11/26/2017
864,Pirri,Danila,Erie,IV,206 433 1909,epirrinz@alexa.com,5/4/2018
865,Esmonde,Jordan,Emlyn,IV,674 217 3585,eesmondeo0@phpbb.com,5/22/2018
866,Strass,Davis,Aile,III,789 141 9589,astrasso1@xing.com,4/9/2018
867,Frankis,Gaspard,Beverly,IV,947 530 0438,bfrankiso2@toplist.cz,3/3/2018
868,Stoyle,Tabby,Matthiew,III,540 632 5402,mstoyleo3@biglobe.ne.jp,3/17/2018
869,Stops,Cecily,Evie,II,984 168 4712,estopso4@reverbnation.com,3/6/2018
870,Vasenin,Cordie,Alastair,Sr,711 574 0538,avasenino5@infoseek.co.jp,2/5/2018
871,Crewes,Chancey,Zorine,III,358 631 6101,zcreweso6@blogspot.com,11/4/2017
872,Warland,Dame,Hubie,Jr,829 765 9043,hwarlando7@miitbeian.gov.cn,3/15/2018
873,Polglase,Katrinka,Corrine,Jr,268 637 1507,cpolglaseo8@theguardian.com,8/16/2017
874,Pane,Nicoli,Maiga,II,504 731 9528,mpaneo9@elegantthemes.com,4/24/2018
875,Nutten,Phaedra,Bobette,Jr,703 340 0051,bnuttenoa@twitpic.com,4/14/2018
876,Granville,Beniamino,Drusi,III,407 517 6960,dgranvilleob@bravesites.com,4/27/2018
877,Hincham,Maggee,Ashli,Sr,716 996 8010,ahinchamoc@github.com,2/7/2018
878,Woolliams,Maurita,Misty,IV,428 886 7943,mwoolliamsod@nasa.gov,1/22/2018
879,Doxey,Marcellus,Bobette,Sr,613 956 0488,bdoxeyoe@oaic.gov.au,1/3/2018
880,Cleve,Erastus,Juditha,Jr,179 366 9051,jcleveof@ycombinator.com,5/2/2018
881,Glasbey,Drucie,Cullen,IV,193 415 1520,cglasbeyog@tumblr.com,5/3/2018
882,Guiraud,Huntley,Franklin,Sr,303 656 8787,fguiraudoh@blog.com,10/18/2017
883,Davidson,Nancy,Natalee,II,320 363 7136,ndavidsonoi@earthlink.net,7/4/2018
884,Wilkes,Ludvig,Shayna,II,494 112 4438,swilkesoj@twitpic.com,11/4/2017
885,Edmonson,Mabelle,Joane,Jr,114 594 2231,jedmonsonok@whitehouse.gov,4/26/2018
886,Scanterbury,Dell,Jaquelyn,III,424 179 3688,jscanterburyol@psu.edu,5/28/2018
887,Arnecke,Carmelina,Weylin,III,486 123 7769,warneckeom@joomla.org,8/10/2017
888,Gasken,Denice,Aili,II,246 677 2451,agaskenon@goo.gl,3/3/2018
889,Cumberpatch,Jeremiah,Orelle,Sr,317 786 5830,ocumberpatchoo@harvard.edu,6/2/2018
890,Rubberts,Spike,Mil,IV,321 457 3116,mrubbertsop@ft.com,6/3/2018
891,Galego,Culver,Dora,Jr,736 695 7585,dgalegooq@google.fr,3/27/2018
892,Luna,Kimmie,Norman,IV,808 774 1771,nlunaor@amazon.co.uk,6/16/2018
893,Besant,Giorgi,Tyrone,III,212 887 9536,tbesantos@cpanel.net,10/9/2017
894,Siley,Clemmie,Chelsey,Sr,549 450 9091,csileyot@springer.com,9/6/2017
895,Bonner,Carlin,Gilbertina,IV,791 332 4980,gbonnerou@google.cn,8/23/2017
896,Casbon,Nikos,Garald,II,206 604 9132,gcasbonov@posterous.com,7/29/2017
897,Bulled,Anne,Minor,Sr,449 682 8891,mbulledow@blogger.com,12/31/2017
898,Ziehm,Jean,Tim,II,535 855 5149,tziehmox@nyu.edu,1/19/2018
899,Gibson,Kira,Brynn,II,563 788 3605,bgibsonoy@blog.com,9/26/2017
900,Grant,Harold,Amandie,IV,667 592 5950,agrantoz@howstuffworks.com,2/24/2018
901,Rowler,Stacee,Faina,Sr,406 569 0257,frowlerp0@yolasite.com,10/11/2017
902,Boulton,Jessica,Marybelle,Jr,420 388 2913,mboultonp1@hexun.com,2/27/2018
903,Redferne,Rachelle,Gilberta,Sr,571 706 9197,gredfernep2@si.edu,12/16/2017
904,Halsworth,Mallissa,Cathrine,II,985 599 1790,chalsworthp3@meetup.com,4/2/2018
905,Applewhaite,Glenn,Rudolph,II,844 708 6601,rapplewhaitep4@earthlink.net,5/25/2018
906,Dullard,Corrie,Brady,IV,215 295 2978,bdullardp5@oaic.gov.au,1/14/2018
907,Jasik,Bruce,Glenna,Jr,224 768 0152,gjasikp6@delicious.com,8/24/2017
908,Pinchbeck,Brigg,Nara,Jr,155 509 6459,npinchbeckp7@chicagotribune.com,4/17/2018
909,Wickstead,Toby,Lorain,IV,928 718 2083,lwicksteadp8@thetimes.co.uk,9/28/2017
910,Clemmen,Jackelyn,Ambrosio,II,259 366 3110,aclemmenp9@merriam-webster.com,8/30/2017
911,Sinfield,Gay,Willi,Sr,779 591 7766,wsinfieldpa@webeden.co.uk,11/2/2017
912,Ambage,Thaxter,Koenraad,Sr,627 866 9298,kambagepb@topsy.com,4/1/2018
913,Kardos-Stowe,Wat,Yulma,Sr,120 586 7392,ykardosstowepc@shareasale.com,5/31/2018
914,Burtwell,Broderick,Hans,Sr,595 791 9461,hburtwellpd@yellowbook.com,1/1/2018
915,Souter,Whittaker,Roldan,Jr,829 710 3778,rsouterpe@hao123.com,12/29/2017
916,Spaight,Cesar,Berny,IV,525 902 4511,bspaightpf@deliciousdays.com,12/24/2017
917,Gobeaux,Zena,Shayne,II,659 318 2377,sgobeauxpg@cmu.edu,3/8/2018
918,O'Hartigan,Audrie,Farrah,Sr,226 677 9232,fohartiganph@github.com,8/27/2017
919,Gove,Alley,Jo,II,419 649 1786,jgovepi@auda.org.au,9/25/2017
920,Ghioni,Gerty,Simeon,III,927 331 2321,sghionipj@mayoclinic.com,11/18/2017
921,Burtenshaw,Loise,Roseline,Sr,651 383 6297,rburtenshawpk@yelp.com,11/30/2017
922,McGragh,Asa,Obediah,II,856 167 4599,omcgraghpl@abc.net.au,9/16/2017
923,McTavy,Patrice,Denise,Jr,505 152 0111,dmctavypm@yale.edu,10/25/2017
924,Dericot,Robbi,Kory,IV,265 240 4805,kdericotpn@vkontakte.ru,1/17/2018
925,Gandley,Seward,Almeria,IV,931 888 1689,agandleypo@usnews.com,1/27/2018
926,Scothorn,Arturo,Joaquin,Jr,620 718 4971,jscothornpp@globo.com,11/18/2017
927,Westmerland,Spike,Janette,IV,626 807 0808,jwestmerlandpq@sitemeter.com,5/31/2018
928,Brewse,Jilly,Adina,III,292 284 7749,abrewsepr@ebay.co.uk,11/29/2017
929,Burds,Christoper,Yves,IV,902 353 7711,yburdsps@arstechnica.com,7/21/2017
930,Maliphant,Cara,Benny,IV,155 933 0820,bmaliphantpt@google.pl,8/27/2017
931,Dalgarno,Gwyn,Helen-elizabeth,II,898 423 8640,hdalgarnopu@barnesandnoble.com,1/22/2018
932,Ritchings,Josephina,Amitie,II,267 128 4820,aritchingspv@last.fm,7/20/2017
933,Labroue,Keith,Geneva,Jr,347 801 8712,glabrouepw@hugedomains.com,6/6/2018
934,Lettson,Adolph,Konstantine,III,852 377 7896,klettsonpx@ebay.com,9/13/2017
935,Milverton,Genevra,Phillipe,IV,129 903 7038,pmilvertonpy@ihg.com,3/5/2018
936,Pound,Mil,Lowell,IV,986 505 2533,lpoundpz@php.net,10/16/2017
937,Charer,Josefa,Cathie,III,105 778 3664,ccharerq0@dagondesign.com,12/14/2017
938,Corradini,Petronia,Marisa,III,625 241 1715,mcorradiniq1@opera.com,9/13/2017
939,Wastell,Webb,Dick,Jr,115 749 8253,dwastellq2@creativecommons.org,6/30/2018
940,Mcwhinney,Ford,Gretna,IV,226 813 3534,gmcwhinneyq3@reverbnation.com,11/6/2017
941,Di Francesco,Andree,Shirleen,Jr,229 163 9483,sdifrancescoq4@eepurl.com,6/12/2018
942,Marchenko,Nathanael,Sapphira,III,327 741 5393,smarchenkoq5@tmall.com,12/19/2017
943,Lindl,Catherin,Nancie,IV,832 347 8217,nlindlq6@amazon.co.uk,12/26/2017
944,Claw,Karina,Yves,IV,600 673 4209,yclawq7@dedecms.com,12/30/2017
945,Daglish,Man,Myrtle,III,173 926 8514,mdaglishq8@mapquest.com,6/3/2018
946,Lesmonde,Moyna,Kala,Sr,805 641 3312,klesmondeq9@jiathis.com,5/16/2018
947,Ord,Petronille,Meryl,Jr,956 994 0902,mordqa@people.com.cn,11/10/2017
948,Mould,Booth,Urbanus,III,325 555 8430,umouldqb@dailymail.co.uk,3/25/2018
949,Pettit,Adrianna,Pris,III,738 632 5653,ppettitqc@unblog.fr,9/14/2017
950,Preene,Frasquito,Jacklyn,II,316 327 0302,jpreeneqd@ucsd.edu,6/25/2018
951,Boecke,Tadio,Merrie,Sr,530 243 3458,mboeckeqe@nhs.uk,12/27/2017
952,Maypowder,Candida,Euell,II,916 479 6337,emaypowderqf@unesco.org,2/1/2018
953,McRuvie,Brady,Richy,Sr,236 495 8352,rmcruvieqg@usgs.gov,6/4/2018
954,Quinlan,Abbie,Valli,Sr,503 675 9204,vquinlanqh@constantcontact.com,4/18/2018
955,Lowerson,Fidela,Derrik,IV,122 196 6770,dlowersonqi@zdnet.com,1/27/2018
956,Genever,Lucilia,Ted,II,641 321 6619,tgeneverqj@bizjournals.com,10/20/2017
957,Tuttiett,Page,Henry,Jr,791 792 1268,htuttiettqk@elegantthemes.com,9/21/2017
958,Tilley,Gianina,Denny,Jr,551 950 4438,dtilleyql@flickr.com,10/12/2017
959,O'Dare,Celestine,Giulia,III,566 696 7211,godareqm@discovery.com,9/4/2017
960,Astbury,Vlad,Xenos,Sr,642 163 4384,xastburyqn@webnode.com,7/18/2017
961,Emanueli,Barnebas,Clarissa,IV,578 897 0685,cemanueliqo@nsw.gov.au,4/21/2018
962,Treppas,Marie-ann,Celka,Jr,432 597 1320,ctreppasqp@washington.edu,4/3/2018
963,Bilton,Donaugh,Rycca,II,188 329 5821,rbiltonqq@pbs.org,1/31/2018
964,Ducket,Laurice,Malia,III,683 601 5035,mducketqr@elegantthemes.com,7/8/2017
965,Rider,Sam,Lorine,Sr,669 161 5236,lriderqs@engadget.com,3/16/2018
966,Orleton,Vanni,Esma,II,657 820 0907,eorletonqt@google.es,10/16/2017
967,Kerins,Doloritas,Gregory,II,541 508 9496,gkerinsqu@rediff.com,3/18/2018
968,Cumberpatch,Nissy,Joy,Jr,849 908 6623,jcumberpatchqv@google.it,7/22/2017
969,Theakston,Jordana,Simeon,IV,854 947 8374,stheakstonqw@mayoclinic.com,10/1/2017
970,Pach,Asa,Sayre,IV,273 450 5154,spachqx@disqus.com,9/23/2017
971,Jilkes,Gayle,Lucia,III,469 647 2192,ljilkesqy@wikimedia.org,5/3/2018
972,Mouat,Addia,Neel,II,672 576 2324,nmouatqz@rediff.com,1/14/2018
973,Burge,Maura,Claudian,Sr,184 249 5817,cburger0@deviantart.com,4/30/2018
974,Abadam,Marj,Torre,Sr,932 486 5081,tabadamr1@answers.com,8/3/2017
975,Deinert,Darn,Iolanthe,Sr,332 490 3272,ideinertr2@nydailynews.com,5/21/2018
976,Wimbridge,Claudian,Rene,III,100 470 4822,rwimbridger3@eventbrite.com,10/5/2017
977,Pippin,Idalina,Cathleen,IV,805 789 8478,cpippinr4@oakley.com,3/14/2018
978,Nayshe,Hew,Sergeant,Sr,879 836 6486,snaysher5@simplemachines.org,9/30/2017
979,Sproson,Ave,Zabrina,IV,710 890 0512,zsprosonr6@csmonitor.com,10/15/2017
980,Lattos,Johnette,Brandice,IV,941 897 5439,blattosr7@eepurl.com,12/6/2017
981,Adamczewski,Glynis,Marcia,Jr,396 285 9955,madamczewskir8@yahoo.co.jp,12/20/2017
982,Osburn,Sheryl,Bev,II,394 505 4535,bosburnr9@infoseek.co.jp,9/3/2017
983,Marle,Munmro,Nixie,IV,786 505 3987,nmarlera@csmonitor.com,11/2/2017
984,Fishley,Nadya,Lanae,Jr,325 977 6650,lfishleyrb@hexun.com,1/28/2018
985,Camillo,Minor,Uta,Jr,389 605 3267,ucamillorc@purevolume.com,11/11/2017
986,Benallack,Melina,Geoffrey,IV,791 197 8774,gbenallackrd@ed.gov,6/19/2018
987,Dearnley,Evangelia,Vallie,Sr,221 122 7480,vdearnleyre@comsenz.com,12/26/2017
988,Lynnitt,Frieda,Morton,III,193 746 2346,mlynnittrf@squarespace.com,3/22/2018
989,Baldcock,Westbrooke,Rhona,Jr,812 989 0315,rbaldcockrg@youtube.com,7/25/2017
990,Dominy,Abramo,Bale,IV,473 254 3232,bdominyrh@github.io,3/22/2018
991,Keyworth,Elberta,Danya,II,906 717 6815,dkeyworthri@newyorker.com,8/19/2017
992,Ketteringham,Dulce,Bowie,IV,888 251 5499,bketteringhamrj@nasa.gov,12/21/2017
993,Eustanch,Robinson,Ashlin,Jr,992 122 4954,aeustanchrk@scientificamerican.com,7/18/2017
994,Huddle,Buddy,Maurita,Jr,655 867 7133,mhuddlerl@google.com.br,9/22/2017
995,Demead,Burke,Paloma,III,628 913 8250,pdemeadrm@springer.com,5/12/2018
996,Bauldry,Laetitia,Mada,IV,124 196 0755,mbauldryrn@hp.com,12/5/2017
997,Charlot,Donni,Koren,II,349 707 1289,kcharlotro@uol.com.br,7/5/2018
998,Bushaway,Gardner,Timmy,IV,920 694 3897,tbushawayrp@list-manage.com,3/4/2018
999,Jeffreys,Annmaria,Nicolai,III,549 403 0851,njeffreysrq@nba.com,2/13/2018
1000,Sabate,Chrisy,Mirilla,Sr,571 232 0693,msabaterr@xing.com,4/27/2018
